{"timestamp":"2026-08-14T13:45:43.123798Z","level":"INFO","fields":{"message":"python/3.14.0; huggingface_hub/1.24.0; hf_xet/1.5.2; , xet-core revision cb96dfe"},"filename":"/Users/runner/work/xet-core/xet-core/xet_runtime/src/logging/init.rs","line_number":71}
{"timestamp":"2026-08-14T13:45:43.123865Z","level":"INFO","fields":{"message":"hf_xet logging configured."},"filename":"src/logging.rs","line_number":36}
{"timestamp":"2026-08-14T13:45:43.123872Z","level":"INFO","fields":{"message":"Increased RLIMIT_NOFILE soft limit from 2560 to 9223372036854775807"},"filename":"/Users/runner/work/xet-core/xet-core/xet_runtime/src/core/file_handle_limits.rs","line_number":31}
{"timestamp":"2026-08-14T13:45:43.123886Z","level":"INFO","fields":{"message":"starting log cleanup in \"/Users/mickman/Documents/programs/PulmoNetAI/$HOME/.cache/huggingface/xet/logs\" (min_age=86400s, max_retention=1209600s, max_size=250MB bytes)"},"filename":"/Users/runner/work/xet-core/xet-core/xet_runtime/src/logging/init.rs","line_number":253}
{"timestamp":"2026-08-14T13:45:43.124046Z","level":"INFO","fields":{"message":"Config: min_spacing_between_global_dedup_queries = 256 (default)"},"filename":"/Users/runner/work/xet-core/xet-core/xet_runtime/src/utils/configuration_utils.rs","line_number":53}
{"timestamp":"2026-08-14T13:45:43.124052Z","level":"INFO","fields":{"message":"Config: local_cas_scheme = \"local://\" (default)"},"filename":"/Users/runner/work/xet-core/xet-core/xet_runtime/src/utils/configuration_utils.rs","line_number":53}
{"timestamp":"2026-08-14T13:45:43.124058Z","level":"INFO","fields":{"message":"Config: max_concurrent_file_ingestion = 8 (default)"},"filename":"/Users/runner/work/xet-core/xet-core/xet_runtime/src/utils/configuration_utils.rs","line_number":53}
{"timestamp":"2026-08-14T13:45:43.124060Z","level":"INFO","fields":{"message":"Config: max_concurrent_file_downloads = 8 (default)"},"filename":"/Users/runner/work/xet-core/xet-core/xet_runtime/src/utils/configuration_utils.rs","line_number":53}
{"timestamp":"2026-08-14T13:45:43.124063Z","level":"INFO","fields":{"message":"Config: ingestion_block_size = 8MB (default)"},"filename":"/Users/runner/work/xet-core/xet-core/xet_runtime/src/utils/configuration_utils.rs","line_number":53}
{"timestamp":"2026-08-14T13:45:43.124070Z","level":"INFO","fields":{"message":"Config: progress_update_interval = 200ms (default)"},"filename":"/Users/runner/work/xet-core/xet-core/xet_runtime/src/utils/configuration_utils.rs","line_number":53}
{"timestamp":"2026-08-14T13:45:43.124073Z","level":"INFO","fields":{"message":"Config: progress_update_speed_sampling_window = 10s (default)"},"filename":"/Users/runner/work/xet-core/xet-core/xet_runtime/src/utils/configuration_utils.rs","line_number":53}
{"timestamp":"2026-08-14T13:45:43.124075Z","level":"INFO","fields":{"message":"Config: progress_update_speed_min_observations = 4 (default)"},"filename":"/Users/runner/work/xet-core/xet-core/xet_runtime/src/utils/configuration_utils.rs","line_number":53}
{"timestamp":"2026-08-14T13:45:43.124077Z","level":"INFO","fields":{"message":"Config: session_xorb_metadata_flush_interval = 20s (default)"},"filename":"/Users/runner/work/xet-core/xet-core/xet_runtime/src/utils/configuration_utils.rs","line_number":53}
{"timestamp":"2026-08-14T13:45:43.124079Z","level":"INFO","fields":{"message":"Config: session_xorb_metadata_flush_max_count = 64 (default)"},"filename":"/Users/runner/work/xet-core/xet-core/xet_runtime/src/utils/configuration_utils.rs","line_number":53}
{"timestamp":"2026-08-14T13:45:43.124081Z","level":"INFO","fields":{"message":"Config: default_cas_endpoint = \"http://localhost:8080\" (default)"},"filename":"/Users/runner/work/xet-core/xet-core/xet_runtime/src/utils/configuration_utils.rs","line_number":53}
{"timestamp":"2026-08-14T13:45:43.124083Z","level":"INFO","fields":{"message":"Config: aggregate_progress = true (default)"},"filename":"/Users/runner/work/xet-core/xet-core/xet_runtime/src/utils/configuration_utils.rs","line_number":53}
{"timestamp":"2026-08-14T13:45:43.124085Z","level":"INFO","fields":{"message":"Config: default_prefix = \"default\" (default)"},"filename":"/Users/runner/work/xet-core/xet-core/xet_runtime/src/utils/configuration_utils.rs","line_number":53}
{"timestamp":"2026-08-14T13:45:43.124087Z","level":"INFO","fields":{"message":"Config: staging_subdir = \"staging\" (default)"},"filename":"/Users/runner/work/xet-core/xet-core/xet_runtime/src/utils/configuration_utils.rs","line_number":53}
{"timestamp":"2026-08-14T13:45:43.124088Z","level":"INFO","fields":{"message":"Config: target_size = 67108864 (default)"},"filename":"/Users/runner/work/xet-core/xet-core/xet_runtime/src/utils/configuration_utils.rs","line_number":53}
{"timestamp":"2026-08-14T13:45:43.124090Z","level":"INFO","fields":{"message":"Config: max_target_size = 67108864 (default)"},"filename":"/Users/runner/work/xet-core/xet-core/xet_runtime/src/utils/configuration_utils.rs","line_number":53}
{"timestamp":"2026-08-14T13:45:43.124092Z","level":"INFO","fields":{"message":"Config: cache_size_limit = 16GB (default)"},"filename":"/Users/runner/work/xet-core/xet-core/xet_runtime/src/utils/configuration_utils.rs","line_number":53}
{"timestamp":"2026-08-14T13:45:43.124094Z","level":"INFO","fields":{"message":"Config: chunk_index_table_max_size = 67108864 (default)"},"filename":"/Users/runner/work/xet-core/xet-core/xet_runtime/src/utils/configuration_utils.rs","line_number":53}
{"timestamp":"2026-08-14T13:45:43.124096Z","level":"INFO","fields":{"message":"Config: cache_subdir = \"shard-cache\" (default)"},"filename":"/Users/runner/work/xet-core/xet-core/xet_runtime/src/utils/configuration_utils.rs","line_number":53}
{"timestamp":"2026-08-14T13:45:43.124098Z","level":"INFO","fields":{"message":"Config: nranges_in_streaming_fragmentation_estimator = 128 (default)"},"filename":"/Users/runner/work/xet-core/xet-core/xet_runtime/src/utils/configuration_utils.rs","line_number":53}
{"timestamp":"2026-08-14T13:45:43.124100Z","level":"INFO","fields":{"message":"Config: min_n_chunks_per_range_hysteresis_factor = 0.5 (default)"},"filename":"/Users/runner/work/xet-core/xet-core/xet_runtime/src/utils/configuration_utils.rs","line_number":53}
{"timestamp":"2026-08-14T13:45:43.124103Z","level":"INFO","fields":{"message":"Config: min_n_chunks_per_range = 8.0 (default)"},"filename":"/Users/runner/work/xet-core/xet-core/xet_runtime/src/utils/configuration_utils.rs","line_number":53}
{"timestamp":"2026-08-14T13:45:43.124105Z","level":"INFO","fields":{"message":"Config: global_dedup_query_enabled = true (default)"},"filename":"/Users/runner/work/xet-core/xet-core/xet_runtime/src/utils/configuration_utils.rs","line_number":53}
{"timestamp":"2026-08-14T13:45:43.124106Z","level":"INFO","fields":{"message":"Config: size_bytes = 0 (default)"},"filename":"/Users/runner/work/xet-core/xet-core/xet_runtime/src/utils/configuration_utils.rs","line_number":53}
{"timestamp":"2026-08-14T13:45:43.124108Z","level":"INFO","fields":{"message":"Config: retry_max_attempts = 5 (default)"},"filename":"/Users/runner/work/xet-core/xet-core/xet_runtime/src/utils/configuration_utils.rs","line_number":53}
{"timestamp":"2026-08-14T13:45:43.124110Z","level":"INFO","fields":{"message":"Config: retry_base_delay = 3s (default)"},"filename":"/Users/runner/work/xet-core/xet-core/xet_runtime/src/utils/configuration_utils.rs","line_number":53}
{"timestamp":"2026-08-14T13:45:43.124111Z","level":"INFO","fields":{"message":"Config: retry_max_duration = 360s (default)"},"filename":"/Users/runner/work/xet-core/xet-core/xet_runtime/src/utils/configuration_utils.rs","line_number":53}
{"timestamp":"2026-08-14T13:45:43.124113Z","level":"INFO","fields":{"message":"Config: idle_connection_timeout = 60s (default)"},"filename":"/Users/runner/work/xet-core/xet-core/xet_runtime/src/utils/configuration_utils.rs","line_number":53}
{"timestamp":"2026-08-14T13:45:43.124115Z","level":"INFO","fields":{"message":"Config: max_idle_connections = 16 (default)"},"filename":"/Users/runner/work/xet-core/xet-core/xet_runtime/src/utils/configuration_utils.rs","line_number":53}
{"timestamp":"2026-08-14T13:45:43.124117Z","level":"INFO","fields":{"message":"Config: connect_timeout = 60s (default)"},"filename":"/Users/runner/work/xet-core/xet-core/xet_runtime/src/utils/configuration_utils.rs","line_number":53}
{"timestamp":"2026-08-14T13:45:43.124118Z","level":"INFO","fields":{"message":"Config: read_timeout = 300s (default)"},"filename":"/Users/runner/work/xet-core/xet-core/xet_runtime/src/utils/configuration_utils.rs","line_number":53}
{"timestamp":"2026-08-14T13:45:43.124120Z","level":"INFO","fields":{"message":"Config: upload_reporting_block_size = 524288 (default)"},"filename":"/Users/runner/work/xet-core/xet-core/xet_runtime/src/utils/configuration_utils.rs","line_number":53}
{"timestamp":"2026-08-14T13:45:43.124122Z","level":"INFO","fields":{"message":"Config: enable_adaptive_concurrency = true (default)"},"filename":"/Users/runner/work/xet-core/xet-core/xet_runtime/src/utils/configuration_utils.rs","line_number":53}
{"timestamp":"2026-08-14T13:45:43.124123Z","level":"INFO","fields":{"message":"Config: ac_min_adjustment_window_ms = 500 (default)"},"filename":"/Users/runner/work/xet-core/xet-core/xet_runtime/src/utils/configuration_utils.rs","line_number":53}
{"timestamp":"2026-08-14T13:45:43.124125Z","level":"INFO","fields":{"message":"Config: ac_min_bytes_required_for_adjustment = 20MB (default)"},"filename":"/Users/runner/work/xet-core/xet-core/xet_runtime/src/utils/configuration_utils.rs","line_number":53}
{"timestamp":"2026-08-14T13:45:43.124127Z","level":"INFO","fields":{"message":"Config: ac_num_transmissions_required_for_adjustment = 1 (default)"},"filename":"/Users/runner/work/xet-core/xet-core/xet_runtime/src/utils/configuration_utils.rs","line_number":53}
{"timestamp":"2026-08-14T13:45:43.124129Z","level":"INFO","fields":{"message":"Config: ac_latency_rtt_half_life = 64.0 (default)"},"filename":"/Users/runner/work/xet-core/xet-core/xet_runtime/src/utils/configuration_utils.rs","line_number":53}
{"timestamp":"2026-08-14T13:45:43.124131Z","level":"INFO","fields":{"message":"Config: ac_success_tracking_half_life = 8.0 (default)"},"filename":"/Users/runner/work/xet-core/xet-core/xet_runtime/src/utils/configuration_utils.rs","line_number":53}
{"timestamp":"2026-08-14T13:45:43.124133Z","level":"INFO","fields":{"message":"Config: ac_target_rtt = 60s (default)"},"filename":"/Users/runner/work/xet-core/xet-core/xet_runtime/src/utils/configuration_utils.rs","line_number":53}
{"timestamp":"2026-08-14T13:45:43.124134Z","level":"INFO","fields":{"message":"Config: ac_max_healthy_rtt = 90s (default)"},"filename":"/Users/runner/work/xet-core/xet-core/xet_runtime/src/utils/configuration_utils.rs","line_number":53}
{"timestamp":"2026-08-14T13:45:43.124136Z","level":"INFO","fields":{"message":"Config: ac_rtt_success_max_quantile = 0.95 (default)"},"filename":"/Users/runner/work/xet-core/xet-core/xet_runtime/src/utils/configuration_utils.rs","line_number":53}
{"timestamp":"2026-08-14T13:45:43.124138Z","level":"INFO","fields":{"message":"Config: ac_healthy_success_ratio_threshold = 0.8 (default)"},"filename":"/Users/runner/work/xet-core/xet-core/xet_runtime/src/utils/configuration_utils.rs","line_number":53}
{"timestamp":"2026-08-14T13:45:43.124140Z","level":"INFO","fields":{"message":"Config: ac_unhealthy_success_ratio_threshold = 0.5 (default)"},"filename":"/Users/runner/work/xet-core/xet-core/xet_runtime/src/utils/configuration_utils.rs","line_number":53}
{"timestamp":"2026-08-14T13:45:43.124142Z","level":"INFO","fields":{"message":"Config: ac_max_reference_transmission_size = 64MB (default)"},"filename":"/Users/runner/work/xet-core/xet-core/xet_runtime/src/utils/configuration_utils.rs","line_number":53}
{"timestamp":"2026-08-14T13:45:43.124143Z","level":"INFO","fields":{"message":"Config: ac_min_reference_transmission_size = 1MB (default)"},"filename":"/Users/runner/work/xet-core/xet-core/xet_runtime/src/utils/configuration_utils.rs","line_number":53}
{"timestamp":"2026-08-14T13:45:43.124145Z","level":"INFO","fields":{"message":"Config: ac_logging_interval_ms = 10000 (default)"},"filename":"/Users/runner/work/xet-core/xet-core/xet_runtime/src/utils/configuration_utils.rs","line_number":53}
{"timestamp":"2026-08-14T13:45:43.124147Z","level":"INFO","fields":{"message":"Config: ac_max_upload_concurrency = 64 (default)"},"filename":"/Users/runner/work/xet-core/xet-core/xet_runtime/src/utils/configuration_utils.rs","line_number":53}
{"timestamp":"2026-08-14T13:45:43.124149Z","level":"INFO","fields":{"message":"Config: ac_min_upload_concurrency = 1 (default)"},"filename":"/Users/runner/work/xet-core/xet-core/xet_runtime/src/utils/configuration_utils.rs","line_number":53}
{"timestamp":"2026-08-14T13:45:43.124151Z","level":"INFO","fields":{"message":"Config: ac_initial_upload_concurrency = 2 (default)"},"filename":"/Users/runner/work/xet-core/xet-core/xet_runtime/src/utils/configuration_utils.rs","line_number":53}
{"timestamp":"2026-08-14T13:45:43.124153Z","level":"INFO","fields":{"message":"Config: ac_max_download_concurrency = 64 (default)"},"filename":"/Users/runner/work/xet-core/xet-core/xet_runtime/src/utils/configuration_utils.rs","line_number":53}
{"timestamp":"2026-08-14T13:45:43.124154Z","level":"INFO","fields":{"message":"Config: ac_min_download_concurrency = 1 (default)"},"filename":"/Users/runner/work/xet-core/xet-core/xet_runtime/src/utils/configuration_utils.rs","line_number":53}
{"timestamp":"2026-08-14T13:45:43.124156Z","level":"INFO","fields":{"message":"Config: ac_initial_download_concurrency = 4 (default)"},"filename":"/Users/runner/work/xet-core/xet-core/xet_runtime/src/utils/configuration_utils.rs","line_number":53}
{"timestamp":"2026-08-14T13:45:43.124158Z","level":"INFO","fields":{"message":"Config: unix_socket_path = None (default)"},"filename":"/Users/runner/work/xet-core/xet-core/xet_runtime/src/utils/configuration_utils.rs","line_number":53}
{"timestamp":"2026-08-14T13:45:43.124160Z","level":"INFO","fields":{"message":"Config: reconstruction_api_version = None (default)"},"filename":"/Users/runner/work/xet-core/xet-core/xet_runtime/src/utils/configuration_utils.rs","line_number":53}
{"timestamp":"2026-08-14T13:45:43.124177Z","level":"INFO","fields":{"message":"Config: enable_multirange_fetching = false (default)"},"filename":"/Users/runner/work/xet-core/xet-core/xet_runtime/src/utils/configuration_utils.rs","line_number":53}
{"timestamp":"2026-08-14T13:45:43.124178Z","level":"INFO","fields":{"message":"Config: dest = None (default)"},"filename":"/Users/runner/work/xet-core/xet-core/xet_runtime/src/utils/configuration_utils.rs","line_number":53}
{"timestamp":"2026-08-14T13:45:43.124182Z","level":"INFO","fields":{"message":"Config: format = None (default)"},"filename":"/Users/runner/work/xet-core/xet-core/xet_runtime/src/utils/configuration_utils.rs","line_number":53}
{"timestamp":"2026-08-14T13:45:43.124184Z","level":"INFO","fields":{"message":"Config: prefix = \"xet\" (default)"},"filename":"/Users/runner/work/xet-core/xet-core/xet_runtime/src/utils/configuration_utils.rs","line_number":53}
{"timestamp":"2026-08-14T13:45:43.124186Z","level":"INFO","fields":{"message":"Config: dir_disable_cleanup = false (default)"},"filename":"/Users/runner/work/xet-core/xet-core/xet_runtime/src/utils/configuration_utils.rs","line_number":53}
{"timestamp":"2026-08-14T13:45:43.124188Z","level":"INFO","fields":{"message":"Config: dir_max_size = 250MB (default)"},"filename":"/Users/runner/work/xet-core/xet-core/xet_runtime/src/utils/configuration_utils.rs","line_number":53}
{"timestamp":"2026-08-14T13:45:43.124189Z","level":"INFO","fields":{"message":"Config: dir_min_deletion_age = 86400s (default)"},"filename":"/Users/runner/work/xet-core/xet-core/xet_runtime/src/utils/configuration_utils.rs","line_number":53}
{"timestamp":"2026-08-14T13:45:43.124191Z","level":"INFO","fields":{"message":"Config: dir_max_retention_age = 1209600s (default)"},"filename":"/Users/runner/work/xet-core/xet-core/xet_runtime/src/utils/configuration_utils.rs","line_number":53}
{"timestamp":"2026-08-14T13:45:43.124193Z","level":"INFO","fields":{"message":"Config: min_reconstruction_fetch_size = 256MB (default)"},"filename":"/Users/runner/work/xet-core/xet-core/xet_runtime/src/utils/configuration_utils.rs","line_number":53}
{"timestamp":"2026-08-14T13:45:43.124195Z","level":"INFO","fields":{"message":"Config: max_reconstruction_fetch_size = 8GB (default)"},"filename":"/Users/runner/work/xet-core/xet-core/xet_runtime/src/utils/configuration_utils.rs","line_number":53}
{"timestamp":"2026-08-14T13:45:43.124197Z","level":"INFO","fields":{"message":"Config: download_buffer_size = 2GB (default)"},"filename":"/Users/runner/work/xet-core/xet-core/xet_runtime/src/utils/configuration_utils.rs","line_number":53}
{"timestamp":"2026-08-14T13:45:43.124199Z","level":"INFO","fields":{"message":"Config: download_buffer_perfile_size = 512MB (default)"},"filename":"/Users/runner/work/xet-core/xet-core/xet_runtime/src/utils/configuration_utils.rs","line_number":53}
{"timestamp":"2026-08-14T13:45:43.124200Z","level":"INFO","fields":{"message":"Config: download_buffer_limit = 8GB (default)"},"filename":"/Users/runner/work/xet-core/xet-core/xet_runtime/src/utils/configuration_utils.rs","line_number":53}
{"timestamp":"2026-08-14T13:45:43.124202Z","level":"INFO","fields":{"message":"Config: completion_rate_estimator_half_life = 4.0 (default)"},"filename":"/Users/runner/work/xet-core/xet-core/xet_runtime/src/utils/configuration_utils.rs","line_number":53}
{"timestamp":"2026-08-14T13:45:43.124204Z","level":"INFO","fields":{"message":"Config: target_block_completion_time = 900s (default)"},"filename":"/Users/runner/work/xet-core/xet-core/xet_runtime/src/utils/configuration_utils.rs","line_number":53}
{"timestamp":"2026-08-14T13:45:43.124206Z","level":"INFO","fields":{"message":"Config: min_prefetch_buffer = 1GB (default)"},"filename":"/Users/runner/work/xet-core/xet-core/xet_runtime/src/utils/configuration_utils.rs","line_number":53}
{"timestamp":"2026-08-14T13:45:43.124208Z","level":"INFO","fields":{"message":"Config: use_vectored_write = true (default)"},"filename":"/Users/runner/work/xet-core/xet-core/xet_runtime/src/utils/configuration_utils.rs","line_number":53}
{"timestamp":"2026-08-14T13:45:43.124209Z","level":"INFO","fields":{"message":"Config: compression_scheme_retest_interval = 32 (default)"},"filename":"/Users/runner/work/xet-core/xet-core/xet_runtime/src/utils/configuration_utils.rs","line_number":53}
{"timestamp":"2026-08-14T13:45:43.124212Z","level":"INFO","fields":{"message":"Config: compression_policy = \"auto\" (default)"},"filename":"/Users/runner/work/xet-core/xet-core/xet_runtime/src/utils/config_enum.rs","line_number":174}
{"timestamp":"2026-08-14T13:45:43.124214Z","level":"INFO","fields":{"message":"Config: simulation_max_bytes = None (default)"},"filename":"/Users/runner/work/xet-core/xet-core/xet_runtime/src/utils/configuration_utils.rs","line_number":53}
{"timestamp":"2026-08-14T13:45:43.124215Z","level":"INFO","fields":{"message":"Config: simulation_max_chunks = None (default)"},"filename":"/Users/runner/work/xet-core/xet-core/xet_runtime/src/utils/configuration_utils.rs","line_number":53}
{"timestamp":"2026-08-14T13:45:43.124217Z","level":"INFO","fields":{"message":"Config: dir_name = \"shard-session\" (default)"},"filename":"/Users/runner/work/xet-core/xet-core/xet_runtime/src/utils/configuration_utils.rs","line_number":53}
{"timestamp":"2026-08-14T13:45:43.124219Z","level":"INFO","fields":{"message":"Config: enabled = false (default)"},"filename":"/Users/runner/work/xet-core/xet-core/xet_runtime/src/utils/configuration_utils.rs","line_number":53}
{"timestamp":"2026-08-14T13:45:43.124220Z","level":"INFO","fields":{"message":"Config: sample_interval = 5s (default)"},"filename":"/Users/runner/work/xet-core/xet-core/xet_runtime/src/utils/configuration_utils.rs","line_number":53}
{"timestamp":"2026-08-14T13:45:43.124222Z","level":"INFO","fields":{"message":"Config: log_path = None (default)"},"filename":"/Users/runner/work/xet-core/xet-core/xet_runtime/src/utils/configuration_utils.rs","line_number":53}
{"timestamp":"2026-08-14T13:45:43.124243Z","level":"INFO","fields":{"message":"Using 10 async threads for tokio runtime"},"filename":"/Users/runner/work/xet-core/xet-core/xet_runtime/src/core/runtime/native.rs","line_number":63}
{"timestamp":"2026-08-14T13:45:43.124514Z","level":"INFO","fields":{"message":"Session created, session_id=01a00085-7bd4-7983-b712-694beb95e6ab"},"filename":"/Users/runner/work/xet-core/xet-core/xet_pkg/src/xet_session/session.rs","line_number":192}
{"timestamp":"2026-08-14T13:45:43.125347Z","level":"INFO","fields":{"message":"CAS auth disabled","caller":"/Users/runner/work/xet-core/xet-core/xet_client/src/common/http_client.rs:166"},"filename":"/Users/runner/work/xet-core/xet-core/xet_runtime/src/error_printer/mod.rs","line_number":198}
{"timestamp":"2026-08-14T13:45:43.125975Z","level":"INFO","fields":{"message":"HTTP client configured","idle_timeout":"60s","max_idle_connections":16,"custom_headers":"Some({\"user-agent\": \"datasets/5.0.0; hf_hub/1.24.0; python/3.14.0; torch/2.13.0; agent/warp; pyarrow/24.0.0\", \"authorization\": \"[REDACTED]\"})"},"filename":"/Users/runner/work/xet-core/xet-core/xet_client/src/common/http_client.rs","line_number":187}
{"timestamp":"2026-08-14T13:45:43.126016Z","level":"INFO","fields":{"message":"Retry strategy","retry":"RetryWrapper { max_attempts: 5, base_delay: 3s, max_duration: 360s, no_retry_on_429: false, retry_on_403: false, expected_416: false, expected_404: false, log_errors_as_info: false, api_tag: \"xet-token\", has_connection_permit: false }"},"filename":"/Users/runner/work/xet-core/xet-core/xet_client/src/cas_client/retry_wrapper.rs","line_number":274}
{"timestamp":"2026-08-14T13:45:43.139252Z","level":"INFO","fields":{"message":"Log Directory Cleanup: found 75.940kB of logs in 2 log files, with 54.022kB in 1 files eligible for deletion."},"filename":"/Users/runner/work/xet-core/xet-core/xet_runtime/src/logging/init.rs","line_number":331}
{"timestamp":"2026-08-14T13:45:43.139265Z","level":"INFO","fields":{"message":"Log Directory Cleanup: deleted 0B in 1 files"},"filename":"/Users/runner/work/xet-core/xet-core/xet_runtime/src/logging/init.rs","line_number":395}
{"timestamp":"2026-08-14T13:45:43.283324Z","level":"INFO","fields":{"message":"Received CAS response","request_id":"Root=1-6a7f1c07-658ec17a1aa60eb060dd79d8","status_code":200},"filename":"/Users/runner/work/xet-core/xet-core/xet_client/src/common/http_client.rs","line_number":288}
{"timestamp":"2026-08-14T13:45:43.283377Z","level":"INFO","fields":{"message":"Request Success: xet-token api call succeeded (request id Root=1-6a7f1c07-658ec17a1aa60eb060dd79d8)."},"filename":"/Users/runner/work/xet-core/xet-core/xet_client/src/cas_client/retry_wrapper.rs","line_number":237}
{"timestamp":"2026-08-14T13:45:43.283970Z","level":"INFO","fields":{"message":"TranslatorConfig initialized","endpoint":"https://cas-server.xethub.hf.co","session_id":"Some(\"01a00085-7c73-78d2-9c3d-6a37a781c54d\")","shard_cache":"/Users/mickman/Documents/programs/PulmoNetAI/$HOME/.cache/huggingface/xet/https___cas_serv-tGqkUaZf_CBPHQ6h/shard-cache","shard_session":"/Users/mickman/Documents/programs/PulmoNetAI/$HOME/.cache/huggingface/xet/https___cas_serv-tGqkUaZf_CBPHQ6h/staging/shard-session"},"filename":"/Users/runner/work/xet-core/xet-core/xet_data/src/processing/configurations.rs","line_number":127}
{"timestamp":"2026-08-14T13:45:43.284306Z","level":"INFO","fields":{"message":"HTTP client configured","idle_timeout":"60s","max_idle_connections":16,"custom_headers":"Some({\"user-agent\": \"datasets/5.0.0; hf_hub/1.24.0; python/3.14.0; torch/2.13.0; agent/warp; pyarrow/24.0.0; hf_xet/1.5.2\"})"},"filename":"/Users/runner/work/xet-core/xet-core/xet_client/src/common/http_client.rs","line_number":187}
{"timestamp":"2026-08-14T13:45:43.284319Z","level":"INFO","fields":{"message":"CAS auth disabled","caller":"/Users/runner/work/xet-core/xet-core/xet_client/src/common/http_client.rs:166"},"filename":"/Users/runner/work/xet-core/xet-core/xet_runtime/src/error_printer/mod.rs","line_number":198}
{"timestamp":"2026-08-14T13:45:43.284324Z","level":"INFO","fields":{"message":"HTTP client configured","idle_timeout":"60s","max_idle_connections":16,"custom_headers":"Some({\"user-agent\": \"datasets/5.0.0; hf_hub/1.24.0; python/3.14.0; torch/2.13.0; agent/warp; pyarrow/24.0.0; hf_xet/1.5.2\"})"},"filename":"/Users/runner/work/xet-core/xet-core/xet_client/src/common/http_client.rs","line_number":187}
{"timestamp":"2026-08-14T13:45:43.284535Z","level":"INFO","fields":{"message":"No-read-timeout HTTP client configured (for shard uploads)","connect_timeout":"60s"},"filename":"/Users/runner/work/xet-core/xet-core/xet_client/src/common/http_client.rs","line_number":136}
{"timestamp":"2026-08-14T13:45:43.284545Z","level":"INFO","fields":{"message":"Initializing Adaptive Concurrency Controller for upload with starting concurrency = 2; min = 1, max = 64, min_bytes_for_adjustment = 20000000, min_completed_transmissions_for_adjustment = 1"},"filename":"/Users/runner/work/xet-core/xet-core/xet_client/src/cas_client/adaptive_concurrency/controller.rs","line_number":306}
{"timestamp":"2026-08-14T13:45:43.284551Z","level":"INFO","fields":{"message":"Initializing Adaptive Concurrency Controller for download with starting concurrency = 4; min = 1, max = 64, min_bytes_for_adjustment = 20000000, min_completed_transmissions_for_adjustment = 1"},"filename":"/Users/runner/work/xet-core/xet-core/xet_client/src/cas_client/adaptive_concurrency/controller.rs","line_number":306}
{"timestamp":"2026-08-14T13:45:43.284620Z","level":"INFO","fields":{"message":"New file download group, session_id=01a00085-7bd4-7983-b712-694beb95e6ab, group_id=1"},"filename":"/Users/runner/work/xet-core/xet-core/xet_pkg/src/xet_session/file_download_group.rs","line_number":61}
{"timestamp":"2026-08-14T13:45:43.284714Z","level":"INFO","fields":{"message":"Download file to path","group_id":"1","dest_path":"\"/Users/mickman/.cache/huggingface/hub/datasets--ykumards--open-i/blobs/00da6229396742114bdb6ce6ab7a607594342ebe130a3edd36507a9b23ac3c70.26e33371.incomplete\"","hash":"38da2dc6586a08d6e5df624456afdc0c7d923015da547f30c60d2bfd0a5a14dd"},"filename":"/Users/runner/work/xet-core/xet-core/xet_pkg/src/xet_session/file_download_group.rs","line_number":287}
{"timestamp":"2026-08-14T13:45:43.284831Z","level":"INFO","fields":{"message":"Reconstructing file to disk","file_hash":"38da2dc6586a08d6e5df624456afdc0c7d923015da547f30c60d2bfd0a5a14dd","byte_range":"None","path":"/Users/mickman/.cache/huggingface/hub/datasets--ykumards--open-i/blobs/00da6229396742114bdb6ce6ab7a607594342ebe130a3edd36507a9b23ac3c70.26e33371.incomplete","write_offset":"None"},"filename":"/Users/runner/work/xet-core/xet-core/xet_data/src/file_reconstruction/file_reconstructor.rs","line_number":126}
{"timestamp":"2026-08-14T13:45:43.284848Z","level":"INFO","fields":{"message":"Download group finish","group_id":"1"},"filename":"/Users/runner/work/xet-core/xet-core/xet_pkg/src/xet_session/file_download_group.rs","line_number":306}
{"timestamp":"2026-08-14T13:45:43.285018Z","level":"INFO","fields":{"message":"Scheduling prefetch block","file_hash":"38da2dc6586a08d6e5df624456afdc0c7d923015da547f30c60d2bfd0a5a14dd","prefetch_range":"(0, 256000000)","requested_block_size":256000000,"actual_block_size":256000000,"queue_depth":1},"filename":"/Users/runner/work/xet-core/xet-core/xet_data/src/file_reconstruction/reconstruction_terms/manager.rs","line_number":277}
{"timestamp":"2026-08-14T13:45:43.285059Z","level":"INFO","fields":{"message":"Scheduling prefetch block","file_hash":"38da2dc6586a08d6e5df624456afdc0c7d923015da547f30c60d2bfd0a5a14dd","prefetch_range":"(256000000, 768000000)","requested_block_size":512000000,"actual_block_size":512000000,"queue_depth":2},"filename":"/Users/runner/work/xet-core/xet-core/xet_data/src/file_reconstruction/reconstruction_terms/manager.rs","line_number":277}
{"timestamp":"2026-08-14T13:45:43.285067Z","level":"INFO","fields":{"message":"Scheduling prefetch block","file_hash":"38da2dc6586a08d6e5df624456afdc0c7d923015da547f30c60d2bfd0a5a14dd","prefetch_range":"(768000000, 1024000000)","requested_block_size":256000000,"actual_block_size":256000000,"queue_depth":3},"filename":"/Users/runner/work/xet-core/xet-core/xet_data/src/file_reconstruction/reconstruction_terms/manager.rs","line_number":277}
{"timestamp":"2026-08-14T13:45:43.285121Z","level":"INFO","fields":{"message":"Starting get_reconstruction API call","call_id":3,"file_id":"38da2dc6586a08d6e5df624456afdc0c7d923015da547f30c60d2bfd0a5a14dd","bytes_range":"Some(Range { start: 0, end: 256000000 })","api_version":"v2"},"filename":"/Users/runner/work/xet-core/xet-core/xet_client/src/cas_client/remote_client.rs","line_number":212}
{"timestamp":"2026-08-14T13:45:43.285135Z","level":"INFO","fields":{"message":"Starting get_reconstruction API call","call_id":1,"file_id":"38da2dc6586a08d6e5df624456afdc0c7d923015da547f30c60d2bfd0a5a14dd","bytes_range":"Some(Range { start: 768000000, end: 1024000000 })","api_version":"v2"},"filename":"/Users/runner/work/xet-core/xet-core/xet_client/src/cas_client/remote_client.rs","line_number":212}
{"timestamp":"2026-08-14T13:45:43.285138Z","level":"INFO","fields":{"message":"Retry strategy","retry":"RetryWrapper { max_attempts: 5, base_delay: 3s, max_duration: 360s, no_retry_on_429: false, retry_on_403: false, expected_416: true, expected_404: false, log_errors_as_info: false, api_tag: \"cas::get_reconstruction_v2\", has_connection_permit: false }"},"filename":"/Users/runner/work/xet-core/xet-core/xet_client/src/cas_client/retry_wrapper.rs","line_number":274}
{"timestamp":"2026-08-14T13:45:43.285140Z","level":"INFO","fields":{"message":"Retry strategy","retry":"RetryWrapper { max_attempts: 5, base_delay: 3s, max_duration: 360s, no_retry_on_429: false, retry_on_403: false, expected_416: true, expected_404: false, log_errors_as_info: false, api_tag: \"cas::get_reconstruction_v2\", has_connection_permit: false }"},"filename":"/Users/runner/work/xet-core/xet-core/xet_client/src/cas_client/retry_wrapper.rs","line_number":274}
{"timestamp":"2026-08-14T13:45:43.285123Z","level":"INFO","fields":{"message":"Starting get_reconstruction API call","call_id":2,"file_id":"38da2dc6586a08d6e5df624456afdc0c7d923015da547f30c60d2bfd0a5a14dd","bytes_range":"Some(Range { start: 256000000, end: 768000000 })","api_version":"v2"},"filename":"/Users/runner/work/xet-core/xet-core/xet_client/src/cas_client/remote_client.rs","line_number":212}
{"timestamp":"2026-08-14T13:45:43.285173Z","level":"INFO","fields":{"message":"Retry strategy","retry":"RetryWrapper { max_attempts: 5, base_delay: 3s, max_duration: 360s, no_retry_on_429: false, retry_on_403: false, expected_416: true, expected_404: false, log_errors_as_info: false, api_tag: \"cas::get_reconstruction_v2\", has_connection_permit: false }"},"filename":"/Users/runner/work/xet-core/xet-core/xet_client/src/cas_client/retry_wrapper.rs","line_number":274}
{"timestamp":"2026-08-14T13:45:43.665107Z","level":"INFO","fields":{"message":"Received CAS response","request_id":"01M008AZEEDNZ1864RAKQZ7S34","status_code":416},"filename":"/Users/runner/work/xet-core/xet-core/xet_client/src/common/http_client.rs","line_number":288}
{"timestamp":"2026-08-14T13:45:43.665146Z","level":"INFO","fields":{"message":"Reached end of reconstruction 416 (Range Not Satisfiable): \"cas::get_reconstruction_v2\" api call failed (request id 01M008AZEEDNZ1864RAKQZ7S34): HTTP status client error (416 Range Not Satisfiable) for url (https://cas-server.xethub.hf.co/v2/reconstructions/38da2dc6586a08d6e5df624456afdc0c7d923015da547f30c60d2bfd0a5a14dd)"},"filename":"/Users/runner/work/xet-core/xet-core/xet_client/src/cas_client/retry_wrapper.rs","line_number":189}
{"timestamp":"2026-08-14T13:45:44.127114Z","level":"INFO","fields":{"message":"Received CAS response","request_id":"01M008AZENFV65JHSXDX0AXZF5","status_code":200},"filename":"/Users/runner/work/xet-core/xet-core/xet_client/src/common/http_client.rs","line_number":288}
{"timestamp":"2026-08-14T13:45:44.127128Z","level":"INFO","fields":{"message":"Request Success: cas::get_reconstruction_v2 api call succeeded (request id 01M008AZENFV65JHSXDX0AXZF5)."},"filename":"/Users/runner/work/xet-core/xet-core/xet_client/src/cas_client/retry_wrapper.rs","line_number":237}
{"timestamp":"2026-08-14T13:45:44.127165Z","level":"INFO","fields":{"message":"Completed get_reconstruction API call","call_id":3,"file_id":"38da2dc6586a08d6e5df624456afdc0c7d923015da547f30c60d2bfd0a5a14dd","bytes_range":"Some(Range { start: 0, end: 256000000 })","api_version":"v2"},"filename":"/Users/runner/work/xet-core/xet-core/xet_client/src/cas_client/remote_client.rs","line_number":236}
{"timestamp":"2026-08-14T13:45:44.127197Z","level":"INFO","fields":{"message":"Received block of file terms from prefetch queue","file_hash":"38da2dc6586a08d6e5df624456afdc0c7d923015da547f30c60d2bfd0a5a14dd","domain":"us.aws.cdn.hf.co","block_start":0,"block_end":256000000,"block_size":4},"filename":"/Users/runner/work/xet-core/xet-core/xet_data/src/file_reconstruction/reconstruction_terms/manager.rs","line_number":156}
{"timestamp":"2026-08-14T13:45:44.127248Z","level":"INFO","fields":{"message":"Updated completion rate estimate based on previous block completion time (seconds).","file_hash":"38da2dc6586a08d6e5df624456afdc0c7d923015da547f30c60d2bfd0a5a14dd","block_start":0,"block_end":256000000,"block_size":256000000,"completion_time":0.000050709},"filename":"/Users/runner/work/xet-core/xet-core/xet_data/src/file_reconstruction/reconstruction_terms/manager.rs","line_number":109}
{"timestamp":"2026-08-14T13:45:44.127278Z","level":"INFO","fields":{"message":"Retry strategy","retry":"RetryWrapper { max_attempts: 5, base_delay: 3s, max_duration: 360s, no_retry_on_429: false, retry_on_403: true, expected_416: false, expected_404: false, log_errors_as_info: false, api_tag: \"s3::get_range\", has_connection_permit: true }"},"filename":"/Users/runner/work/xet-core/xet-core/xet_client/src/cas_client/retry_wrapper.rs","line_number":274}
{"timestamp":"2026-08-14T13:45:44.127280Z","level":"INFO","fields":{"message":"Retry strategy","retry":"RetryWrapper { max_attempts: 5, base_delay: 3s, max_duration: 360s, no_retry_on_429: false, retry_on_403: true, expected_416: false, expected_404: false, log_errors_as_info: false, api_tag: \"s3::get_range\", has_connection_permit: true }"},"filename":"/Users/runner/work/xet-core/xet-core/xet_client/src/cas_client/retry_wrapper.rs","line_number":274}
{"timestamp":"2026-08-14T13:45:44.127281Z","level":"INFO","fields":{"message":"Retry strategy","retry":"RetryWrapper { max_attempts: 5, base_delay: 3s, max_duration: 360s, no_retry_on_429: false, retry_on_403: true, expected_416: false, expected_404: false, log_errors_as_info: false, api_tag: \"s3::get_range\", has_connection_permit: true }"},"filename":"/Users/runner/work/xet-core/xet-core/xet_client/src/cas_client/retry_wrapper.rs","line_number":274}
{"timestamp":"2026-08-14T13:45:44.127282Z","level":"INFO","fields":{"message":"Retry strategy","retry":"RetryWrapper { max_attempts: 5, base_delay: 3s, max_duration: 360s, no_retry_on_429: false, retry_on_403: true, expected_416: false, expected_404: false, log_errors_as_info: false, api_tag: \"s3::get_range\", has_connection_permit: true }"},"filename":"/Users/runner/work/xet-core/xet-core/xet_client/src/cas_client/retry_wrapper.rs","line_number":274}
{"timestamp":"2026-08-14T13:45:44.174617Z","level":"INFO","fields":{"message":"Received CAS response","request_id":"01M008AZF60ZYH3TSVSYK9MWGS","status_code":200},"filename":"/Users/runner/work/xet-core/xet-core/xet_client/src/common/http_client.rs","line_number":288}
{"timestamp":"2026-08-14T13:45:44.174633Z","level":"INFO","fields":{"message":"Request Success: cas::get_reconstruction_v2 api call succeeded (request id 01M008AZF60ZYH3TSVSYK9MWGS)."},"filename":"/Users/runner/work/xet-core/xet-core/xet_client/src/cas_client/retry_wrapper.rs","line_number":237}
{"timestamp":"2026-08-14T13:45:44.174664Z","level":"INFO","fields":{"message":"Completed get_reconstruction API call","call_id":2,"file_id":"38da2dc6586a08d6e5df624456afdc0c7d923015da547f30c60d2bfd0a5a14dd","bytes_range":"Some(Range { start: 256000000, end: 768000000 })","api_version":"v2"},"filename":"/Users/runner/work/xet-core/xet-core/xet_client/src/cas_client/remote_client.rs","line_number":236}
{"timestamp":"2026-08-14T13:45:44.174691Z","level":"INFO","fields":{"message":"Received block of file terms from prefetch queue","file_hash":"38da2dc6586a08d6e5df624456afdc0c7d923015da547f30c60d2bfd0a5a14dd","domain":"us.aws.cdn.hf.co","block_start":256000000,"block_end":425182167,"block_size":4},"filename":"/Users/runner/work/xet-core/xet-core/xet_data/src/file_reconstruction/reconstruction_terms/manager.rs","line_number":156}
{"timestamp":"2026-08-14T13:45:44.174706Z","level":"INFO","fields":{"message":"Updated completion rate estimate based on previous block completion time (seconds).","file_hash":"38da2dc6586a08d6e5df624456afdc0c7d923015da547f30c60d2bfd0a5a14dd","block_start":256000000,"block_end":425182167,"block_size":169182167,"completion_time":0.000015375},"filename":"/Users/runner/work/xet-core/xet-core/xet_data/src/file_reconstruction/reconstruction_terms/manager.rs","line_number":109}
{"timestamp":"2026-08-14T13:45:44.174711Z","level":"INFO","fields":{"message":"Completed prefetch queue; end of file reached.","file_hash":"38da2dc6586a08d6e5df624456afdc0c7d923015da547f30c60d2bfd0a5a14dd","prefetched_byte_position":1024000000},"filename":"/Users/runner/work/xet-core/xet-core/xet_data/src/file_reconstruction/reconstruction_terms/manager.rs","line_number":183}
{"timestamp":"2026-08-14T13:45:44.174713Z","level":"INFO","fields":{"message":"All term blocks received and scheduled for writing","file_hash":"38da2dc6586a08d6e5df624456afdc0c7d923015da547f30c60d2bfd0a5a14dd","block_count":2,"total_terms_processed":8,"total_bytes_scheduled":425182167},"filename":"/Users/runner/work/xet-core/xet-core/xet_data/src/file_reconstruction/run_state.rs","line_number":150}
{"timestamp":"2026-08-14T13:45:44.284128Z","level":"INFO","fields":{"message":"Received CAS response","request_id":"01M008B00Z7J5D2BB5EB3F6EFE","status_code":206},"filename":"/Users/runner/work/xet-core/xet-core/xet_client/src/common/http_client.rs","line_number":288}
{"timestamp":"2026-08-14T13:45:44.284145Z","level":"INFO","fields":{"message":"Request Success: s3::get_range api call succeeded (request id 01M008B00Z7J5D2BB5EB3F6EFE)."},"filename":"/Users/runner/work/xet-core/xet-core/xet_client/src/cas_client/retry_wrapper.rs","line_number":237}
{"timestamp":"2026-08-14T13:45:44.298592Z","level":"INFO","fields":{"message":"Received CAS response","request_id":"01M008B010FVA97S39MC78MFGW","status_code":206},"filename":"/Users/runner/work/xet-core/xet-core/xet_client/src/common/http_client.rs","line_number":288}
{"timestamp":"2026-08-14T13:45:44.298607Z","level":"INFO","fields":{"message":"Request Success: s3::get_range api call succeeded (request id 01M008B010FVA97S39MC78MFGW)."},"filename":"/Users/runner/work/xet-core/xet-core/xet_client/src/cas_client/retry_wrapper.rs","line_number":237}
{"timestamp":"2026-08-14T13:45:44.301296Z","level":"INFO","fields":{"message":"Received CAS response","request_id":"01M008B013XVVZ1799V6Z5HXTQ","status_code":206},"filename":"/Users/runner/work/xet-core/xet-core/xet_client/src/common/http_client.rs","line_number":288}
{"timestamp":"2026-08-14T13:45:44.301310Z","level":"INFO","fields":{"message":"Request Success: s3::get_range api call succeeded (request id 01M008B013XVVZ1799V6Z5HXTQ)."},"filename":"/Users/runner/work/xet-core/xet-core/xet_client/src/cas_client/retry_wrapper.rs","line_number":237}
{"timestamp":"2026-08-14T13:45:44.315999Z","level":"INFO","fields":{"message":"Received CAS response","request_id":"01M008B0106ZH516BAP6BG131E","status_code":206},"filename":"/Users/runner/work/xet-core/xet-core/xet_client/src/common/http_client.rs","line_number":288}
{"timestamp":"2026-08-14T13:45:44.316013Z","level":"INFO","fields":{"message":"Request Success: s3::get_range api call succeeded (request id 01M008B0106ZH516BAP6BG131E)."},"filename":"/Users/runner/work/xet-core/xet-core/xet_client/src/cas_client/retry_wrapper.rs","line_number":237}
{"timestamp":"2026-08-14T13:45:53.365792Z","level":"INFO","fields":{"message":"Concurrency control for download: Current concurrency = 4; predicted bandwidth = 6453501; success_ratio = 1.000; reference_size = 61.0MB; observed bytes sent so far = 138711790; completed transmissions = 0"},"filename":"/Users/runner/work/xet-core/xet-core/xet_client/src/cas_client/adaptive_concurrency/controller.rs","line_number":602}
{"timestamp":"2026-08-14T13:45:59.652623Z","level":"INFO","fields":{"message":"Concurrency control for download: Increased concurrency from 4 to 5; reason: success ratio 1.000 is above threshold 0.800 and predicted RTT for 61MB at new concurrency is 21.34s < target 60.0s"},"filename":"/Users/runner/work/xet-core/xet-core/xet_client/src/cas_client/adaptive_concurrency/controller.rs","line_number":548}
{"timestamp":"2026-08-14T13:45:59.652756Z","level":"INFO","fields":{"message":"Retry strategy","retry":"RetryWrapper { max_attempts: 5, base_delay: 3s, max_duration: 360s, no_retry_on_429: false, retry_on_403: true, expected_416: false, expected_404: false, log_errors_as_info: false, api_tag: \"s3::get_range\", has_connection_permit: true }"},"filename":"/Users/runner/work/xet-core/xet-core/xet_client/src/cas_client/retry_wrapper.rs","line_number":274}
{"timestamp":"2026-08-14T13:45:59.652851Z","level":"INFO","fields":{"message":"Retry strategy","retry":"RetryWrapper { max_attempts: 5, base_delay: 3s, max_duration: 360s, no_retry_on_429: false, retry_on_403: true, expected_416: false, expected_404: false, log_errors_as_info: false, api_tag: \"s3::get_range\", has_connection_permit: true }"},"filename":"/Users/runner/work/xet-core/xet-core/xet_client/src/cas_client/retry_wrapper.rs","line_number":274}
{"timestamp":"2026-08-14T13:45:59.747072Z","level":"INFO","fields":{"message":"Received CAS response","request_id":"01M008BF3PJ5ZW1SQQ5F5CW7D3","status_code":206},"filename":"/Users/runner/work/xet-core/xet-core/xet_client/src/common/http_client.rs","line_number":288}
{"timestamp":"2026-08-14T13:45:59.747100Z","level":"INFO","fields":{"message":"Request Success: s3::get_range api call succeeded (request id 01M008BF3PJ5ZW1SQQ5F5CW7D3)."},"filename":"/Users/runner/work/xet-core/xet-core/xet_client/src/cas_client/retry_wrapper.rs","line_number":237}
{"timestamp":"2026-08-14T13:45:59.842177Z","level":"INFO","fields":{"message":"Received CAS response","request_id":"01M008BF62BD0VMS1TDGKHCJQ0","status_code":206},"filename":"/Users/runner/work/xet-core/xet-core/xet_client/src/common/http_client.rs","line_number":288}
{"timestamp":"2026-08-14T13:45:59.842200Z","level":"INFO","fields":{"message":"Request Success: s3::get_range api call succeeded (request id 01M008BF62BD0VMS1TDGKHCJQ0)."},"filename":"/Users/runner/work/xet-core/xet-core/xet_client/src/cas_client/retry_wrapper.rs","line_number":237}
{"timestamp":"2026-08-14T13:45:59.860208Z","level":"INFO","fields":{"message":"Retry strategy","retry":"RetryWrapper { max_attempts: 5, base_delay: 3s, max_duration: 360s, no_retry_on_429: false, retry_on_403: true, expected_416: false, expected_404: false, log_errors_as_info: false, api_tag: \"s3::get_range\", has_connection_permit: true }"},"filename":"/Users/runner/work/xet-core/xet-core/xet_client/src/cas_client/retry_wrapper.rs","line_number":274}
{"timestamp":"2026-08-14T13:45:59.972057Z","level":"INFO","fields":{"message":"Received CAS response","request_id":"01M008BFA7PBAKGVXPXNPCS4DP","status_code":206},"filename":"/Users/runner/work/xet-core/xet-core/xet_client/src/common/http_client.rs","line_number":288}
{"timestamp":"2026-08-14T13:45:59.972081Z","level":"INFO","fields":{"message":"Request Success: s3::get_range api call succeeded (request id 01M008BFA7PBAKGVXPXNPCS4DP)."},"filename":"/Users/runner/work/xet-core/xet-core/xet_client/src/cas_client/retry_wrapper.rs","line_number":237}
{"timestamp":"2026-08-14T13:46:00.156556Z","level":"INFO","fields":{"message":"Concurrency control for download: Increased concurrency from 5 to 6; reason: success ratio 1.000 is above threshold 0.800 and predicted RTT for 61MB at new concurrency is 26.68s < target 60.0s"},"filename":"/Users/runner/work/xet-core/xet-core/xet_client/src/cas_client/adaptive_concurrency/controller.rs","line_number":548}
{"timestamp":"2026-08-14T13:46:00.156596Z","level":"INFO","fields":{"message":"Retry strategy","retry":"RetryWrapper { max_attempts: 5, base_delay: 3s, max_duration: 360s, no_retry_on_429: false, retry_on_403: true, expected_416: false, expected_404: false, log_errors_as_info: false, api_tag: \"s3::get_range\", has_connection_permit: true }"},"filename":"/Users/runner/work/xet-core/xet-core/xet_client/src/cas_client/retry_wrapper.rs","line_number":274}
{"timestamp":"2026-08-14T13:46:00.492205Z","level":"INFO","fields":{"message":"Received CAS response","request_id":"01M008BFRX187005XE9YVRFZS7","status_code":206},"filename":"/Users/runner/work/xet-core/xet-core/xet_client/src/common/http_client.rs","line_number":288}
{"timestamp":"2026-08-14T13:46:00.492229Z","level":"INFO","fields":{"message":"Request Success: s3::get_range api call succeeded (request id 01M008BFRX187005XE9YVRFZS7)."},"filename":"/Users/runner/work/xet-core/xet-core/xet_client/src/cas_client/retry_wrapper.rs","line_number":237}
{"timestamp":"2026-08-14T13:46:00.676381Z","level":"INFO","fields":{"message":"Concurrency control for download: Increased concurrency from 6 to 7; reason: success ratio 1.000 is above threshold 0.800 and predicted RTT for 61MB at new concurrency is 31.55s < target 60.0s"},"filename":"/Users/runner/work/xet-core/xet-core/xet_client/src/cas_client/adaptive_concurrency/controller.rs","line_number":548}
{"timestamp":"2026-08-14T13:46:01.234095Z","level":"INFO","fields":{"message":"Concurrency control for download: Increased concurrency from 7 to 8; reason: success ratio 1.000 is above threshold 0.800 and predicted RTT for 61MB at new concurrency is 36.57s < target 60.0s"},"filename":"/Users/runner/work/xet-core/xet-core/xet_client/src/cas_client/adaptive_concurrency/controller.rs","line_number":548}
{"timestamp":"2026-08-14T13:46:01.812010Z","level":"INFO","fields":{"message":"Concurrency control for download: Increased concurrency from 8 to 9; reason: success ratio 1.000 is above threshold 0.800 and predicted RTT for 61MB at new concurrency is 42.35s < target 60.0s"},"filename":"/Users/runner/work/xet-core/xet-core/xet_client/src/cas_client/adaptive_concurrency/controller.rs","line_number":548}
{"timestamp":"2026-08-14T13:46:02.321286Z","level":"INFO","fields":{"message":"Concurrency control for download: Increased concurrency from 9 to 10; reason: success ratio 1.000 is above threshold 0.800 and predicted RTT for 61MB at new concurrency is 48.83s < target 60.0s"},"filename":"/Users/runner/work/xet-core/xet-core/xet_client/src/cas_client/adaptive_concurrency/controller.rs","line_number":548}
{"timestamp":"2026-08-14T13:46:02.850207Z","level":"INFO","fields":{"message":"Concurrency control for download: Increased concurrency from 10 to 11; reason: success ratio 1.000 is above threshold 0.800 and predicted RTT for 61MB at new concurrency is 54.86s < target 60.0s"},"filename":"/Users/runner/work/xet-core/xet-core/xet_client/src/cas_client/adaptive_concurrency/controller.rs","line_number":548}
{"timestamp":"2026-08-14T13:46:03.383856Z","level":"INFO","fields":{"message":"Concurrency control for download: Current concurrency = 11; predicted bandwidth = 10485760000000; success_ratio = 1.000; reference_size = 61.0MB; observed bytes sent so far = 279245320; completed transmissions = 3"},"filename":"/Users/runner/work/xet-core/xet-core/xet_client/src/cas_client/adaptive_concurrency/controller.rs","line_number":602}
{"timestamp":"2026-08-14T13:46:05.076449Z","level":"INFO","fields":{"message":"Concurrency control for download: Increased concurrency from 11 to 12; reason: success ratio 1.000 is above threshold 0.800 and predicted RTT for 61MB at new concurrency is 59.99s < target 60.0s"},"filename":"/Users/runner/work/xet-core/xet-core/xet_client/src/cas_client/adaptive_concurrency/controller.rs","line_number":548}
{"timestamp":"2026-08-14T13:46:12.714633Z","level":"INFO","fields":{"message":"Concurrency control for download: Increased concurrency from 12 to 13; reason: success ratio 1.000 is above threshold 0.800 and predicted RTT for 61MB at new concurrency is 54.17s < target 60.0s"},"filename":"/Users/runner/work/xet-core/xet-core/xet_client/src/cas_client/adaptive_concurrency/controller.rs","line_number":548}
{"timestamp":"2026-08-14T13:46:13.406516Z","level":"INFO","fields":{"message":"Concurrency control for download: Increased concurrency from 13 to 14; reason: success ratio 1.000 is above threshold 0.800 and predicted RTT for 61MB at new concurrency is 58.09s < target 60.0s"},"filename":"/Users/runner/work/xet-core/xet-core/xet_client/src/cas_client/adaptive_concurrency/controller.rs","line_number":548}
{"timestamp":"2026-08-14T13:46:13.406555Z","level":"INFO","fields":{"message":"Concurrency control for download: Current concurrency = 14; predicted bandwidth = 3081996; success_ratio = 1.000; reference_size = 61.0MB; observed bytes sent so far = 407999155; completed transmissions = 7"},"filename":"/Users/runner/work/xet-core/xet-core/xet_client/src/cas_client/adaptive_concurrency/controller.rs","line_number":602}
{"timestamp":"2026-08-14T13:46:14.889477Z","level":"INFO","fields":{"message":"File reconstruction completed successfully","file_hash":"38da2dc6586a08d6e5df624456afdc0c7d923015da547f30c60d2bfd0a5a14dd","block_count":2,"total_terms_processed":8,"total_bytes_scheduled":425182167},"filename":"/Users/runner/work/xet-core/xet-core/xet_data/src/file_reconstruction/run_state.rs","line_number":150}
{"timestamp":"2026-08-14T13:46:15.055932Z","level":"INFO","fields":{"message":"CAS auth disabled","caller":"/Users/runner/work/xet-core/xet-core/xet_client/src/common/http_client.rs:166"},"filename":"/Users/runner/work/xet-core/xet-core/xet_runtime/src/error_printer/mod.rs","line_number":198}
{"timestamp":"2026-08-14T13:46:15.056625Z","level":"INFO","fields":{"message":"HTTP client configured","idle_timeout":"60s","max_idle_connections":16,"custom_headers":"Some({\"authorization\": \"[REDACTED]\", \"user-agent\": \"datasets/5.0.0; hf_hub/1.24.0; python/3.14.0; torch/2.13.0; agent/warp; pyarrow/24.0.0\"})"},"filename":"/Users/runner/work/xet-core/xet-core/xet_client/src/common/http_client.rs","line_number":187}
{"timestamp":"2026-08-14T13:46:15.056646Z","level":"INFO","fields":{"message":"Retry strategy","retry":"RetryWrapper { max_attempts: 5, base_delay: 3s, max_duration: 360s, no_retry_on_429: false, retry_on_403: false, expected_416: false, expected_404: false, log_errors_as_info: false, api_tag: \"xet-token\", has_connection_permit: false }"},"filename":"/Users/runner/work/xet-core/xet-core/xet_client/src/cas_client/retry_wrapper.rs","line_number":274}
{"timestamp":"2026-08-14T13:46:15.192585Z","level":"INFO","fields":{"message":"Received CAS response","request_id":"Root=1-6a7f1c27-7b20a2d732bb867d7c6aa1d5","status_code":200},"filename":"/Users/runner/work/xet-core/xet-core/xet_client/src/common/http_client.rs","line_number":288}
{"timestamp":"2026-08-14T13:46:15.192617Z","level":"INFO","fields":{"message":"Request Success: xet-token api call succeeded (request id Root=1-6a7f1c27-7b20a2d732bb867d7c6aa1d5)."},"filename":"/Users/runner/work/xet-core/xet-core/xet_client/src/cas_client/retry_wrapper.rs","line_number":237}
{"timestamp":"2026-08-14T13:46:15.192962Z","level":"INFO","fields":{"message":"TranslatorConfig initialized","endpoint":"https://cas-server.xethub.hf.co","session_id":"Some(\"01a00085-f918-7691-9165-93ea2d3332c9\")","shard_cache":"/Users/mickman/Documents/programs/PulmoNetAI/$HOME/.cache/huggingface/xet/https___cas_serv-tGqkUaZf_CBPHQ6h/shard-cache","shard_session":"/Users/mickman/Documents/programs/PulmoNetAI/$HOME/.cache/huggingface/xet/https___cas_serv-tGqkUaZf_CBPHQ6h/staging/shard-session"},"filename":"/Users/runner/work/xet-core/xet-core/xet_data/src/processing/configurations.rs","line_number":127}
{"timestamp":"2026-08-14T13:46:15.193663Z","level":"INFO","fields":{"message":"HTTP client configured","idle_timeout":"60s","max_idle_connections":16,"custom_headers":"Some({\"user-agent\": \"datasets/5.0.0; hf_hub/1.24.0; python/3.14.0; torch/2.13.0; agent/warp; pyarrow/24.0.0; hf_xet/1.5.2\"})"},"filename":"/Users/runner/work/xet-core/xet-core/xet_client/src/common/http_client.rs","line_number":187}
{"timestamp":"2026-08-14T13:46:15.193680Z","level":"INFO","fields":{"message":"CAS auth disabled","caller":"/Users/runner/work/xet-core/xet-core/xet_client/src/common/http_client.rs:166"},"filename":"/Users/runner/work/xet-core/xet-core/xet_runtime/src/error_printer/mod.rs","line_number":198}
{"timestamp":"2026-08-14T13:46:15.193686Z","level":"INFO","fields":{"message":"HTTP client configured","idle_timeout":"60s","max_idle_connections":16,"custom_headers":"Some({\"user-agent\": \"datasets/5.0.0; hf_hub/1.24.0; python/3.14.0; torch/2.13.0; agent/warp; pyarrow/24.0.0; hf_xet/1.5.2\"})"},"filename":"/Users/runner/work/xet-core/xet-core/xet_client/src/common/http_client.rs","line_number":187}
{"timestamp":"2026-08-14T13:46:15.193879Z","level":"INFO","fields":{"message":"No-read-timeout HTTP client configured (for shard uploads)","connect_timeout":"60s"},"filename":"/Users/runner/work/xet-core/xet-core/xet_client/src/common/http_client.rs","line_number":136}
{"timestamp":"2026-08-14T13:46:15.193923Z","level":"INFO","fields":{"message":"New file download group, session_id=01a00085-7bd4-7983-b712-694beb95e6ab, group_id=5"},"filename":"/Users/runner/work/xet-core/xet-core/xet_pkg/src/xet_session/file_download_group.rs","line_number":61}
{"timestamp":"2026-08-14T13:46:15.194086Z","level":"INFO","fields":{"message":"Download file to path","group_id":"5","dest_path":"\"/Users/mickman/.cache/huggingface/hub/datasets--ykumards--open-i/blobs/915f83e44198134bad2a3dde8925a2a1a4485453ca9aebfb88040b4920c031f7.aefb1a49.incomplete\"","hash":"01758609af411acdbb88053927f3ddfd22bfa8995cf74b99264f96b10ba982c9"},"filename":"/Users/runner/work/xet-core/xet-core/xet_pkg/src/xet_session/file_download_group.rs","line_number":287}
{"timestamp":"2026-08-14T13:46:15.194157Z","level":"INFO","fields":{"message":"Reconstructing file to disk","file_hash":"01758609af411acdbb88053927f3ddfd22bfa8995cf74b99264f96b10ba982c9","byte_range":"None","path":"/Users/mickman/.cache/huggingface/hub/datasets--ykumards--open-i/blobs/915f83e44198134bad2a3dde8925a2a1a4485453ca9aebfb88040b4920c031f7.aefb1a49.incomplete","write_offset":"None"},"filename":"/Users/runner/work/xet-core/xet-core/xet_data/src/file_reconstruction/file_reconstructor.rs","line_number":126}
{"timestamp":"2026-08-14T13:46:15.194225Z","level":"INFO","fields":{"message":"Download group finish","group_id":"5"},"filename":"/Users/runner/work/xet-core/xet-core/xet_pkg/src/xet_session/file_download_group.rs","line_number":306}
{"timestamp":"2026-08-14T13:46:15.194336Z","level":"INFO","fields":{"message":"Scheduling prefetch block","file_hash":"01758609af411acdbb88053927f3ddfd22bfa8995cf74b99264f96b10ba982c9","prefetch_range":"(0, 256000000)","requested_block_size":256000000,"actual_block_size":256000000,"queue_depth":1},"filename":"/Users/runner/work/xet-core/xet-core/xet_data/src/file_reconstruction/reconstruction_terms/manager.rs","line_number":277}
{"timestamp":"2026-08-14T13:46:15.194349Z","level":"INFO","fields":{"message":"Scheduling prefetch block","file_hash":"01758609af411acdbb88053927f3ddfd22bfa8995cf74b99264f96b10ba982c9","prefetch_range":"(256000000, 768000000)","requested_block_size":512000000,"actual_block_size":512000000,"queue_depth":2},"filename":"/Users/runner/work/xet-core/xet-core/xet_data/src/file_reconstruction/reconstruction_terms/manager.rs","line_number":277}
{"timestamp":"2026-08-14T13:46:15.194358Z","level":"INFO","fields":{"message":"Scheduling prefetch block","file_hash":"01758609af411acdbb88053927f3ddfd22bfa8995cf74b99264f96b10ba982c9","prefetch_range":"(768000000, 1024000000)","requested_block_size":256000000,"actual_block_size":256000000,"queue_depth":3},"filename":"/Users/runner/work/xet-core/xet-core/xet_data/src/file_reconstruction/reconstruction_terms/manager.rs","line_number":277}
{"timestamp":"2026-08-14T13:46:15.194382Z","level":"INFO","fields":{"message":"Starting get_reconstruction API call","call_id":5,"file_id":"01758609af411acdbb88053927f3ddfd22bfa8995cf74b99264f96b10ba982c9","bytes_range":"Some(Range { start: 0, end: 256000000 })","api_version":"v2"},"filename":"/Users/runner/work/xet-core/xet-core/xet_client/src/cas_client/remote_client.rs","line_number":212}
{"timestamp":"2026-08-14T13:46:15.194382Z","level":"INFO","fields":{"message":"Starting get_reconstruction API call","call_id":4,"file_id":"01758609af411acdbb88053927f3ddfd22bfa8995cf74b99264f96b10ba982c9","bytes_range":"Some(Range { start: 768000000, end: 1024000000 })","api_version":"v2"},"filename":"/Users/runner/work/xet-core/xet-core/xet_client/src/cas_client/remote_client.rs","line_number":212}
{"timestamp":"2026-08-14T13:46:15.194386Z","level":"INFO","fields":{"message":"Starting get_reconstruction API call","call_id":6,"file_id":"01758609af411acdbb88053927f3ddfd22bfa8995cf74b99264f96b10ba982c9","bytes_range":"Some(Range { start: 256000000, end: 768000000 })","api_version":"v2"},"filename":"/Users/runner/work/xet-core/xet-core/xet_client/src/cas_client/remote_client.rs","line_number":212}
{"timestamp":"2026-08-14T13:46:15.194393Z","level":"INFO","fields":{"message":"Retry strategy","retry":"RetryWrapper { max_attempts: 5, base_delay: 3s, max_duration: 360s, no_retry_on_429: false, retry_on_403: false, expected_416: true, expected_404: false, log_errors_as_info: false, api_tag: \"cas::get_reconstruction_v2\", has_connection_permit: false }"},"filename":"/Users/runner/work/xet-core/xet-core/xet_client/src/cas_client/retry_wrapper.rs","line_number":274}
{"timestamp":"2026-08-14T13:46:15.194395Z","level":"INFO","fields":{"message":"Retry strategy","retry":"RetryWrapper { max_attempts: 5, base_delay: 3s, max_duration: 360s, no_retry_on_429: false, retry_on_403: false, expected_416: true, expected_404: false, log_errors_as_info: false, api_tag: \"cas::get_reconstruction_v2\", has_connection_permit: false }"},"filename":"/Users/runner/work/xet-core/xet-core/xet_client/src/cas_client/retry_wrapper.rs","line_number":274}
{"timestamp":"2026-08-14T13:46:15.194396Z","level":"INFO","fields":{"message":"Retry strategy","retry":"RetryWrapper { max_attempts: 5, base_delay: 3s, max_duration: 360s, no_retry_on_429: false, retry_on_403: false, expected_416: true, expected_404: false, log_errors_as_info: false, api_tag: \"cas::get_reconstruction_v2\", has_connection_permit: false }"},"filename":"/Users/runner/work/xet-core/xet-core/xet_client/src/cas_client/retry_wrapper.rs","line_number":274}
{"timestamp":"2026-08-14T13:46:15.549552Z","level":"INFO","fields":{"message":"Received CAS response","request_id":"01M008BYJSWTWJGWABAEYNVPE4","status_code":416},"filename":"/Users/runner/work/xet-core/xet-core/xet_client/src/common/http_client.rs","line_number":288}
{"timestamp":"2026-08-14T13:46:15.549598Z","level":"INFO","fields":{"message":"Reached end of reconstruction 416 (Range Not Satisfiable): \"cas::get_reconstruction_v2\" api call failed (request id 01M008BYJSWTWJGWABAEYNVPE4): HTTP status client error (416 Range Not Satisfiable) for url (https://cas-server.xethub.hf.co/v2/reconstructions/01758609af411acdbb88053927f3ddfd22bfa8995cf74b99264f96b10ba982c9)"},"filename":"/Users/runner/work/xet-core/xet-core/xet_client/src/cas_client/retry_wrapper.rs","line_number":189}
{"timestamp":"2026-08-14T13:46:16.037494Z","level":"INFO","fields":{"message":"Received CAS response","request_id":"01M008BYJFW4WF28AGSPRK8K55","status_code":200},"filename":"/Users/runner/work/xet-core/xet-core/xet_client/src/common/http_client.rs","line_number":288}
{"timestamp":"2026-08-14T13:46:16.037530Z","level":"INFO","fields":{"message":"Request Success: cas::get_reconstruction_v2 api call succeeded (request id 01M008BYJFW4WF28AGSPRK8K55)."},"filename":"/Users/runner/work/xet-core/xet-core/xet_client/src/cas_client/retry_wrapper.rs","line_number":237}
{"timestamp":"2026-08-14T13:46:16.037604Z","level":"INFO","fields":{"message":"Completed get_reconstruction API call","call_id":6,"file_id":"01758609af411acdbb88053927f3ddfd22bfa8995cf74b99264f96b10ba982c9","bytes_range":"Some(Range { start: 256000000, end: 768000000 })","api_version":"v2"},"filename":"/Users/runner/work/xet-core/xet-core/xet_client/src/cas_client/remote_client.rs","line_number":236}
{"timestamp":"2026-08-14T13:46:16.053726Z","level":"INFO","fields":{"message":"Received CAS response","request_id":"01M008BYJP4K9B984GWGXRRAVA","status_code":200},"filename":"/Users/runner/work/xet-core/xet-core/xet_client/src/common/http_client.rs","line_number":288}
{"timestamp":"2026-08-14T13:46:16.053763Z","level":"INFO","fields":{"message":"Request Success: cas::get_reconstruction_v2 api call succeeded (request id 01M008BYJP4K9B984GWGXRRAVA)."},"filename":"/Users/runner/work/xet-core/xet-core/xet_client/src/cas_client/retry_wrapper.rs","line_number":237}
{"timestamp":"2026-08-14T13:46:16.053819Z","level":"INFO","fields":{"message":"Completed get_reconstruction API call","call_id":5,"file_id":"01758609af411acdbb88053927f3ddfd22bfa8995cf74b99264f96b10ba982c9","bytes_range":"Some(Range { start: 0, end: 256000000 })","api_version":"v2"},"filename":"/Users/runner/work/xet-core/xet-core/xet_client/src/cas_client/remote_client.rs","line_number":236}
{"timestamp":"2026-08-14T13:46:16.053884Z","level":"INFO","fields":{"message":"Received block of file terms from prefetch queue","file_hash":"01758609af411acdbb88053927f3ddfd22bfa8995cf74b99264f96b10ba982c9","domain":"us.aws.cdn.hf.co","block_start":0,"block_end":256000000,"block_size":4},"filename":"/Users/runner/work/xet-core/xet-core/xet_data/src/file_reconstruction/reconstruction_terms/manager.rs","line_number":156}
{"timestamp":"2026-08-14T13:46:16.053931Z","level":"INFO","fields":{"message":"Updated completion rate estimate based on previous block completion time (seconds).","file_hash":"01758609af411acdbb88053927f3ddfd22bfa8995cf74b99264f96b10ba982c9","block_start":0,"block_end":256000000,"block_size":256000000,"completion_time":0.000046208},"filename":"/Users/runner/work/xet-core/xet-core/xet_data/src/file_reconstruction/reconstruction_terms/manager.rs","line_number":109}
{"timestamp":"2026-08-14T13:46:16.053955Z","level":"INFO","fields":{"message":"Received block of file terms from prefetch queue","file_hash":"01758609af411acdbb88053927f3ddfd22bfa8995cf74b99264f96b10ba982c9","domain":"us.aws.cdn.hf.co","block_start":256000000,"block_end":418023741,"block_size":4},"filename":"/Users/runner/work/xet-core/xet-core/xet_data/src/file_reconstruction/reconstruction_terms/manager.rs","line_number":156}
{"timestamp":"2026-08-14T13:46:16.053962Z","level":"INFO","fields":{"message":"Retry strategy","retry":"RetryWrapper { max_attempts: 5, base_delay: 3s, max_duration: 360s, no_retry_on_429: false, retry_on_403: true, expected_416: false, expected_404: false, log_errors_as_info: false, api_tag: \"s3::get_range\", has_connection_permit: true }"},"filename":"/Users/runner/work/xet-core/xet-core/xet_client/src/cas_client/retry_wrapper.rs","line_number":274}
{"timestamp":"2026-08-14T13:46:16.053972Z","level":"INFO","fields":{"message":"Retry strategy","retry":"RetryWrapper { max_attempts: 5, base_delay: 3s, max_duration: 360s, no_retry_on_429: false, retry_on_403: true, expected_416: false, expected_404: false, log_errors_as_info: false, api_tag: \"s3::get_range\", has_connection_permit: true }"},"filename":"/Users/runner/work/xet-core/xet-core/xet_client/src/cas_client/retry_wrapper.rs","line_number":274}
{"timestamp":"2026-08-14T13:46:16.054001Z","level":"INFO","fields":{"message":"Retry strategy","retry":"RetryWrapper { max_attempts: 5, base_delay: 3s, max_duration: 360s, no_retry_on_429: false, retry_on_403: true, expected_416: false, expected_404: false, log_errors_as_info: false, api_tag: \"s3::get_range\", has_connection_permit: true }"},"filename":"/Users/runner/work/xet-core/xet-core/xet_client/src/cas_client/retry_wrapper.rs","line_number":274}
{"timestamp":"2026-08-14T13:46:16.053976Z","level":"INFO","fields":{"message":"Updated completion rate estimate based on previous block completion time (seconds).","file_hash":"01758609af411acdbb88053927f3ddfd22bfa8995cf74b99264f96b10ba982c9","block_start":256000000,"block_end":418023741,"block_size":162023741,"completion_time":0.000020875},"filename":"/Users/runner/work/xet-core/xet-core/xet_data/src/file_reconstruction/reconstruction_terms/manager.rs","line_number":109}
{"timestamp":"2026-08-14T13:46:16.054026Z","level":"INFO","fields":{"message":"Completed prefetch queue; end of file reached.","file_hash":"01758609af411acdbb88053927f3ddfd22bfa8995cf74b99264f96b10ba982c9","prefetched_byte_position":1024000000},"filename":"/Users/runner/work/xet-core/xet-core/xet_data/src/file_reconstruction/reconstruction_terms/manager.rs","line_number":183}
{"timestamp":"2026-08-14T13:46:16.054033Z","level":"INFO","fields":{"message":"All term blocks received and scheduled for writing","file_hash":"01758609af411acdbb88053927f3ddfd22bfa8995cf74b99264f96b10ba982c9","block_count":2,"total_terms_processed":8,"total_bytes_scheduled":418023741},"filename":"/Users/runner/work/xet-core/xet-core/xet_data/src/file_reconstruction/run_state.rs","line_number":150}
{"timestamp":"2026-08-14T13:46:16.054038Z","level":"INFO","fields":{"message":"Retry strategy","retry":"RetryWrapper { max_attempts: 5, base_delay: 3s, max_duration: 360s, no_retry_on_429: false, retry_on_403: true, expected_416: false, expected_404: false, log_errors_as_info: false, api_tag: \"s3::get_range\", has_connection_permit: true }"},"filename":"/Users/runner/work/xet-core/xet-core/xet_client/src/cas_client/retry_wrapper.rs","line_number":274}
{"timestamp":"2026-08-14T13:46:16.054049Z","level":"INFO","fields":{"message":"Retry strategy","retry":"RetryWrapper { max_attempts: 5, base_delay: 3s, max_duration: 360s, no_retry_on_429: false, retry_on_403: true, expected_416: false, expected_404: false, log_errors_as_info: false, api_tag: \"s3::get_range\", has_connection_permit: true }"},"filename":"/Users/runner/work/xet-core/xet-core/xet_client/src/cas_client/retry_wrapper.rs","line_number":274}
{"timestamp":"2026-08-14T13:46:16.054105Z","level":"INFO","fields":{"message":"Retry strategy","retry":"RetryWrapper { max_attempts: 5, base_delay: 3s, max_duration: 360s, no_retry_on_429: false, retry_on_403: true, expected_416: false, expected_404: false, log_errors_as_info: false, api_tag: \"s3::get_range\", has_connection_permit: true }"},"filename":"/Users/runner/work/xet-core/xet-core/xet_client/src/cas_client/retry_wrapper.rs","line_number":274}
{"timestamp":"2026-08-14T13:46:16.054146Z","level":"INFO","fields":{"message":"Retry strategy","retry":"RetryWrapper { max_attempts: 5, base_delay: 3s, max_duration: 360s, no_retry_on_429: false, retry_on_403: true, expected_416: false, expected_404: false, log_errors_as_info: false, api_tag: \"s3::get_range\", has_connection_permit: true }"},"filename":"/Users/runner/work/xet-core/xet-core/xet_client/src/cas_client/retry_wrapper.rs","line_number":274}
{"timestamp":"2026-08-14T13:46:16.054198Z","level":"INFO","fields":{"message":"Retry strategy","retry":"RetryWrapper { max_attempts: 5, base_delay: 3s, max_duration: 360s, no_retry_on_429: false, retry_on_403: true, expected_416: false, expected_404: false, log_errors_as_info: false, api_tag: \"s3::get_range\", has_connection_permit: true }"},"filename":"/Users/runner/work/xet-core/xet-core/xet_client/src/cas_client/retry_wrapper.rs","line_number":274}
{"timestamp":"2026-08-14T13:46:16.188049Z","level":"INFO","fields":{"message":"Received CAS response","request_id":"01M008BZ5ZTK7DEV8FBFMGSM9J","status_code":206},"filename":"/Users/runner/work/xet-core/xet-core/xet_client/src/common/http_client.rs","line_number":288}
{"timestamp":"2026-08-14T13:46:16.188087Z","level":"INFO","fields":{"message":"Request Success: s3::get_range api call succeeded (request id 01M008BZ5ZTK7DEV8FBFMGSM9J)."},"filename":"/Users/runner/work/xet-core/xet-core/xet_client/src/cas_client/retry_wrapper.rs","line_number":237}
{"timestamp":"2026-08-14T13:46:16.191431Z","level":"INFO","fields":{"message":"Received CAS response","request_id":"01M008BZ5G1WMDY6S5V7BY5AJP","status_code":206},"filename":"/Users/runner/work/xet-core/xet-core/xet_client/src/common/http_client.rs","line_number":288}
{"timestamp":"2026-08-14T13:46:16.191451Z","level":"INFO","fields":{"message":"Request Success: s3::get_range api call succeeded (request id 01M008BZ5G1WMDY6S5V7BY5AJP)."},"filename":"/Users/runner/work/xet-core/xet-core/xet_client/src/cas_client/retry_wrapper.rs","line_number":237}
{"timestamp":"2026-08-14T13:46:16.199528Z","level":"INFO","fields":{"message":"Received CAS response","request_id":"01M008BZ5T1KT4JEQDSK49BG4R","status_code":206},"filename":"/Users/runner/work/xet-core/xet-core/xet_client/src/common/http_client.rs","line_number":288}
{"timestamp":"2026-08-14T13:46:16.199555Z","level":"INFO","fields":{"message":"Request Success: s3::get_range api call succeeded (request id 01M008BZ5T1KT4JEQDSK49BG4R)."},"filename":"/Users/runner/work/xet-core/xet-core/xet_client/src/cas_client/retry_wrapper.rs","line_number":237}
{"timestamp":"2026-08-14T13:46:16.205335Z","level":"INFO","fields":{"message":"Received CAS response","request_id":"01M008BZ5QXBBPBWNM5V81A5BF","status_code":206},"filename":"/Users/runner/work/xet-core/xet-core/xet_client/src/common/http_client.rs","line_number":288}
{"timestamp":"2026-08-14T13:46:16.205356Z","level":"INFO","fields":{"message":"Request Success: s3::get_range api call succeeded (request id 01M008BZ5QXBBPBWNM5V81A5BF)."},"filename":"/Users/runner/work/xet-core/xet-core/xet_client/src/cas_client/retry_wrapper.rs","line_number":237}
{"timestamp":"2026-08-14T13:46:16.206430Z","level":"INFO","fields":{"message":"Received CAS response","request_id":"01M008BZ632YEYD7HVEMSR1MM9","status_code":206},"filename":"/Users/runner/work/xet-core/xet-core/xet_client/src/common/http_client.rs","line_number":288}
{"timestamp":"2026-08-14T13:46:16.206445Z","level":"INFO","fields":{"message":"Request Success: s3::get_range api call succeeded (request id 01M008BZ632YEYD7HVEMSR1MM9)."},"filename":"/Users/runner/work/xet-core/xet-core/xet_client/src/cas_client/retry_wrapper.rs","line_number":237}
{"timestamp":"2026-08-14T13:46:16.217726Z","level":"INFO","fields":{"message":"Received CAS response","request_id":"01M008BZ5RRC7F527PX00Z5633","status_code":206},"filename":"/Users/runner/work/xet-core/xet-core/xet_client/src/common/http_client.rs","line_number":288}
{"timestamp":"2026-08-14T13:46:16.217753Z","level":"INFO","fields":{"message":"Request Success: s3::get_range api call succeeded (request id 01M008BZ5RRC7F527PX00Z5633)."},"filename":"/Users/runner/work/xet-core/xet-core/xet_client/src/cas_client/retry_wrapper.rs","line_number":237}
{"timestamp":"2026-08-14T13:46:16.234864Z","level":"INFO","fields":{"message":"Received CAS response","request_id":"01M008BZ5WYC0DDQAWJ6FH3990","status_code":206},"filename":"/Users/runner/work/xet-core/xet-core/xet_client/src/common/http_client.rs","line_number":288}
{"timestamp":"2026-08-14T13:46:16.234896Z","level":"INFO","fields":{"message":"Request Success: s3::get_range api call succeeded (request id 01M008BZ5WYC0DDQAWJ6FH3990)."},"filename":"/Users/runner/work/xet-core/xet-core/xet_client/src/cas_client/retry_wrapper.rs","line_number":237}
{"timestamp":"2026-08-14T13:46:16.255607Z","level":"INFO","fields":{"message":"Received CAS response","request_id":"01M008BZ5NNQ06VJC1JQ95AC9W","status_code":206},"filename":"/Users/runner/work/xet-core/xet-core/xet_client/src/common/http_client.rs","line_number":288}
{"timestamp":"2026-08-14T13:46:16.255640Z","level":"INFO","fields":{"message":"Request Success: s3::get_range api call succeeded (request id 01M008BZ5NNQ06VJC1JQ95AC9W)."},"filename":"/Users/runner/work/xet-core/xet-core/xet_client/src/cas_client/retry_wrapper.rs","line_number":237}
{"timestamp":"2026-08-14T13:46:23.439453Z","level":"INFO","fields":{"message":"Concurrency control for download: Current concurrency = 14; predicted bandwidth = 4309260; success_ratio = 1.000; reference_size = 61.0MB; observed bytes sent so far = 516136559; completed transmissions = 8"},"filename":"/Users/runner/work/xet-core/xet-core/xet_client/src/cas_client/adaptive_concurrency/controller.rs","line_number":602}
{"timestamp":"2026-08-14T13:46:26.260835Z","level":"INFO","fields":{"message":"Concurrency control for download: Increased concurrency from 14 to 15; reason: success ratio 1.000 is above threshold 0.800 and predicted RTT for 61MB at new concurrency is 58.67s < target 60.0s"},"filename":"/Users/runner/work/xet-core/xet-core/xet_client/src/cas_client/adaptive_concurrency/controller.rs","line_number":548}
{"timestamp":"2026-08-14T13:46:27.063889Z","level":"INFO","fields":{"message":"Concurrency control for download: Increased concurrency from 15 to 16; reason: success ratio 1.000 is above threshold 0.800 and predicted RTT for 61MB at new concurrency is 60.00s < target 60.0s"},"filename":"/Users/runner/work/xet-core/xet-core/xet_client/src/cas_client/adaptive_concurrency/controller.rs","line_number":548}
{"timestamp":"2026-08-14T13:46:27.876533Z","level":"INFO","fields":{"message":"Concurrency control for download: Increased concurrency from 16 to 17; reason: success ratio 1.000 is above threshold 0.800 and predicted RTT for 61MB at new concurrency is 59.88s < target 60.0s"},"filename":"/Users/runner/work/xet-core/xet-core/xet_client/src/cas_client/adaptive_concurrency/controller.rs","line_number":548}
{"timestamp":"2026-08-14T13:46:28.780842Z","level":"INFO","fields":{"message":"Concurrency control for download: Increased concurrency from 17 to 18; reason: success ratio 1.000 is above threshold 0.800 and predicted RTT for 61MB at new concurrency is 59.89s < target 60.0s"},"filename":"/Users/runner/work/xet-core/xet-core/xet_client/src/cas_client/adaptive_concurrency/controller.rs","line_number":548}
{"timestamp":"2026-08-14T13:46:33.440516Z","level":"INFO","fields":{"message":"Concurrency control for download: Current concurrency = 18; predicted bandwidth = 1650449; success_ratio = 1.000; reference_size = 61.0MB; observed bytes sent so far = 652777125; completed transmissions = 10"},"filename":"/Users/runner/work/xet-core/xet-core/xet_client/src/cas_client/adaptive_concurrency/controller.rs","line_number":602}
{"timestamp":"2026-08-14T13:46:43.614919Z","level":"INFO","fields":{"message":"Concurrency control for download: Current concurrency = 18; predicted bandwidth = 957989; success_ratio = 1.000; reference_size = 61.0MB; observed bytes sent so far = 752391845; completed transmissions = 10"},"filename":"/Users/runner/work/xet-core/xet-core/xet_client/src/cas_client/adaptive_concurrency/controller.rs","line_number":602}
{"timestamp":"2026-08-14T13:46:46.070047Z","level":"INFO","fields":{"message":"Concurrency control for download: Increased concurrency from 18 to 19; reason: success ratio 1.000 is above threshold 0.800 and predicted RTT for 61MB at new concurrency is 59.34s < target 60.0s"},"filename":"/Users/runner/work/xet-core/xet-core/xet_client/src/cas_client/adaptive_concurrency/controller.rs","line_number":548}
{"timestamp":"2026-08-14T13:46:46.666179Z","level":"INFO","fields":{"message":"Concurrency control for download: Increased concurrency from 19 to 20; reason: success ratio 1.000 is above threshold 0.800 and predicted RTT for 61MB at new concurrency is 57.24s < target 60.0s"},"filename":"/Users/runner/work/xet-core/xet-core/xet_client/src/cas_client/adaptive_concurrency/controller.rs","line_number":548}
{"timestamp":"2026-08-14T13:46:47.285587Z","level":"INFO","fields":{"message":"Concurrency control for download: Increased concurrency from 20 to 21; reason: success ratio 1.000 is above threshold 0.800 and predicted RTT for 61MB at new concurrency is 26.18s < target 60.0s"},"filename":"/Users/runner/work/xet-core/xet-core/xet_client/src/cas_client/adaptive_concurrency/controller.rs","line_number":548}
{"timestamp":"2026-08-14T13:46:47.893851Z","level":"INFO","fields":{"message":"Concurrency control for download: Increased concurrency from 21 to 22; reason: success ratio 1.000 is above threshold 0.800 and predicted RTT for 61MB at new concurrency is 25.85s < target 60.0s"},"filename":"/Users/runner/work/xet-core/xet-core/xet_client/src/cas_client/adaptive_concurrency/controller.rs","line_number":548}
{"timestamp":"2026-08-14T13:46:48.503704Z","level":"INFO","fields":{"message":"Concurrency control for download: Increased concurrency from 22 to 23; reason: success ratio 1.000 is above threshold 0.800 and predicted RTT for 61MB at new concurrency is 25.47s < target 60.0s"},"filename":"/Users/runner/work/xet-core/xet-core/xet_client/src/cas_client/adaptive_concurrency/controller.rs","line_number":548}
{"timestamp":"2026-08-14T13:46:49.113970Z","level":"INFO","fields":{"message":"Concurrency control for download: Increased concurrency from 23 to 24; reason: success ratio 1.000 is above threshold 0.800 and predicted RTT for 61MB at new concurrency is 25.10s < target 60.0s"},"filename":"/Users/runner/work/xet-core/xet-core/xet_client/src/cas_client/adaptive_concurrency/controller.rs","line_number":548}
{"timestamp":"2026-08-14T13:46:49.721436Z","level":"INFO","fields":{"message":"Concurrency control for download: Increased concurrency from 24 to 25; reason: success ratio 1.000 is above threshold 0.800 and predicted RTT for 61MB at new concurrency is 13.60s < target 60.0s"},"filename":"/Users/runner/work/xet-core/xet-core/xet_client/src/cas_client/adaptive_concurrency/controller.rs","line_number":548}
{"timestamp":"2026-08-14T13:46:50.485420Z","level":"INFO","fields":{"message":"File reconstruction completed successfully","file_hash":"01758609af411acdbb88053927f3ddfd22bfa8995cf74b99264f96b10ba982c9","block_count":2,"total_terms_processed":8,"total_bytes_scheduled":418023741},"filename":"/Users/runner/work/xet-core/xet-core/xet_data/src/file_reconstruction/run_state.rs","line_number":150}
{"timestamp":"2026-08-14T13:46:50.633209Z","level":"INFO","fields":{"message":"CAS auth disabled","caller":"/Users/runner/work/xet-core/xet-core/xet_client/src/common/http_client.rs:166"},"filename":"/Users/runner/work/xet-core/xet-core/xet_runtime/src/error_printer/mod.rs","line_number":198}
{"timestamp":"2026-08-14T13:46:50.634130Z","level":"INFO","fields":{"message":"HTTP client configured","idle_timeout":"60s","max_idle_connections":16,"custom_headers":"Some({\"user-agent\": \"datasets/5.0.0; hf_hub/1.24.0; python/3.14.0; torch/2.13.0; agent/warp; pyarrow/24.0.0\", \"authorization\": \"[REDACTED]\"})"},"filename":"/Users/runner/work/xet-core/xet-core/xet_client/src/common/http_client.rs","line_number":187}
{"timestamp":"2026-08-14T13:46:50.634154Z","level":"INFO","fields":{"message":"Retry strategy","retry":"RetryWrapper { max_attempts: 5, base_delay: 3s, max_duration: 360s, no_retry_on_429: false, retry_on_403: false, expected_416: false, expected_404: false, log_errors_as_info: false, api_tag: \"xet-token\", has_connection_permit: false }"},"filename":"/Users/runner/work/xet-core/xet-core/xet_client/src/cas_client/retry_wrapper.rs","line_number":274}
{"timestamp":"2026-08-14T13:46:50.763547Z","level":"INFO","fields":{"message":"Received CAS response","request_id":"Root=1-6a7f1c4a-3ab35ee830ccd1ae2461a147","status_code":200},"filename":"/Users/runner/work/xet-core/xet-core/xet_client/src/common/http_client.rs","line_number":288}
{"timestamp":"2026-08-14T13:46:50.763569Z","level":"INFO","fields":{"message":"Request Success: xet-token api call succeeded (request id Root=1-6a7f1c4a-3ab35ee830ccd1ae2461a147)."},"filename":"/Users/runner/work/xet-core/xet-core/xet_client/src/cas_client/retry_wrapper.rs","line_number":237}
{"timestamp":"2026-08-14T13:46:50.763962Z","level":"INFO","fields":{"message":"TranslatorConfig initialized","endpoint":"https://cas-server.xethub.hf.co","session_id":"Some(\"01a00086-840b-7fd2-a6be-76680affd084\")","shard_cache":"/Users/mickman/Documents/programs/PulmoNetAI/$HOME/.cache/huggingface/xet/https___cas_serv-tGqkUaZf_CBPHQ6h/shard-cache","shard_session":"/Users/mickman/Documents/programs/PulmoNetAI/$HOME/.cache/huggingface/xet/https___cas_serv-tGqkUaZf_CBPHQ6h/staging/shard-session"},"filename":"/Users/runner/work/xet-core/xet-core/xet_data/src/processing/configurations.rs","line_number":127}
{"timestamp":"2026-08-14T13:46:50.764606Z","level":"INFO","fields":{"message":"HTTP client configured","idle_timeout":"60s","max_idle_connections":16,"custom_headers":"Some({\"user-agent\": \"datasets/5.0.0; hf_hub/1.24.0; python/3.14.0; torch/2.13.0; agent/warp; pyarrow/24.0.0; hf_xet/1.5.2\"})"},"filename":"/Users/runner/work/xet-core/xet-core/xet_client/src/common/http_client.rs","line_number":187}
{"timestamp":"2026-08-14T13:46:50.764627Z","level":"INFO","fields":{"message":"CAS auth disabled","caller":"/Users/runner/work/xet-core/xet-core/xet_client/src/common/http_client.rs:166"},"filename":"/Users/runner/work/xet-core/xet-core/xet_runtime/src/error_printer/mod.rs","line_number":198}
{"timestamp":"2026-08-14T13:46:50.764635Z","level":"INFO","fields":{"message":"HTTP client configured","idle_timeout":"60s","max_idle_connections":16,"custom_headers":"Some({\"user-agent\": \"datasets/5.0.0; hf_hub/1.24.0; python/3.14.0; torch/2.13.0; agent/warp; pyarrow/24.0.0; hf_xet/1.5.2\"})"},"filename":"/Users/runner/work/xet-core/xet-core/xet_client/src/common/http_client.rs","line_number":187}
{"timestamp":"2026-08-14T13:46:50.764954Z","level":"INFO","fields":{"message":"No-read-timeout HTTP client configured (for shard uploads)","connect_timeout":"60s"},"filename":"/Users/runner/work/xet-core/xet-core/xet_client/src/common/http_client.rs","line_number":136}
{"timestamp":"2026-08-14T13:46:50.765012Z","level":"INFO","fields":{"message":"New file download group, session_id=01a00085-7bd4-7983-b712-694beb95e6ab, group_id=9"},"filename":"/Users/runner/work/xet-core/xet-core/xet_pkg/src/xet_session/file_download_group.rs","line_number":61}
{"timestamp":"2026-08-14T13:46:50.765198Z","level":"INFO","fields":{"message":"Download file to path","group_id":"9","dest_path":"\"/Users/mickman/.cache/huggingface/hub/datasets--ykumards--open-i/blobs/8bd7b8316a0a92dcfa9cbf25a6440b3ddacd51b43d90ef786a3a6a78675a23fe.7469b4ba.incomplete\"","hash":"8cbfe110a59c1d7afbde7f53d494711e4dc02dd49057d51ca8e9b17a21c63557"},"filename":"/Users/runner/work/xet-core/xet-core/xet_pkg/src/xet_session/file_download_group.rs","line_number":287}
{"timestamp":"2026-08-14T13:46:50.765285Z","level":"INFO","fields":{"message":"Reconstructing file to disk","file_hash":"8cbfe110a59c1d7afbde7f53d494711e4dc02dd49057d51ca8e9b17a21c63557","byte_range":"None","path":"/Users/mickman/.cache/huggingface/hub/datasets--ykumards--open-i/blobs/8bd7b8316a0a92dcfa9cbf25a6440b3ddacd51b43d90ef786a3a6a78675a23fe.7469b4ba.incomplete","write_offset":"None"},"filename":"/Users/runner/work/xet-core/xet-core/xet_data/src/file_reconstruction/file_reconstructor.rs","line_number":126}
{"timestamp":"2026-08-14T13:46:50.765407Z","level":"INFO","fields":{"message":"Download group finish","group_id":"9"},"filename":"/Users/runner/work/xet-core/xet-core/xet_pkg/src/xet_session/file_download_group.rs","line_number":306}
{"timestamp":"2026-08-14T13:46:50.765512Z","level":"INFO","fields":{"message":"Scheduling prefetch block","file_hash":"8cbfe110a59c1d7afbde7f53d494711e4dc02dd49057d51ca8e9b17a21c63557","prefetch_range":"(0, 256000000)","requested_block_size":256000000,"actual_block_size":256000000,"queue_depth":1},"filename":"/Users/runner/work/xet-core/xet-core/xet_data/src/file_reconstruction/reconstruction_terms/manager.rs","line_number":277}
{"timestamp":"2026-08-14T13:46:50.765530Z","level":"INFO","fields":{"message":"Scheduling prefetch block","file_hash":"8cbfe110a59c1d7afbde7f53d494711e4dc02dd49057d51ca8e9b17a21c63557","prefetch_range":"(256000000, 768000000)","requested_block_size":512000000,"actual_block_size":512000000,"queue_depth":2},"filename":"/Users/runner/work/xet-core/xet-core/xet_data/src/file_reconstruction/reconstruction_terms/manager.rs","line_number":277}
{"timestamp":"2026-08-14T13:46:50.765544Z","level":"INFO","fields":{"message":"Scheduling prefetch block","file_hash":"8cbfe110a59c1d7afbde7f53d494711e4dc02dd49057d51ca8e9b17a21c63557","prefetch_range":"(768000000, 1024000000)","requested_block_size":256000000,"actual_block_size":256000000,"queue_depth":3},"filename":"/Users/runner/work/xet-core/xet-core/xet_data/src/file_reconstruction/reconstruction_terms/manager.rs","line_number":277}
{"timestamp":"2026-08-14T13:46:50.765569Z","level":"INFO","fields":{"message":"Starting get_reconstruction API call","call_id":7,"file_id":"8cbfe110a59c1d7afbde7f53d494711e4dc02dd49057d51ca8e9b17a21c63557","bytes_range":"Some(Range { start: 768000000, end: 1024000000 })","api_version":"v2"},"filename":"/Users/runner/work/xet-core/xet-core/xet_client/src/cas_client/remote_client.rs","line_number":212}
{"timestamp":"2026-08-14T13:46:50.765571Z","level":"INFO","fields":{"message":"Starting get_reconstruction API call","call_id":8,"file_id":"8cbfe110a59c1d7afbde7f53d494711e4dc02dd49057d51ca8e9b17a21c63557","bytes_range":"Some(Range { start: 0, end: 256000000 })","api_version":"v2"},"filename":"/Users/runner/work/xet-core/xet-core/xet_client/src/cas_client/remote_client.rs","line_number":212}
{"timestamp":"2026-08-14T13:46:50.765579Z","level":"INFO","fields":{"message":"Retry strategy","retry":"RetryWrapper { max_attempts: 5, base_delay: 3s, max_duration: 360s, no_retry_on_429: false, retry_on_403: false, expected_416: true, expected_404: false, log_errors_as_info: false, api_tag: \"cas::get_reconstruction_v2\", has_connection_permit: false }"},"filename":"/Users/runner/work/xet-core/xet-core/xet_client/src/cas_client/retry_wrapper.rs","line_number":274}
{"timestamp":"2026-08-14T13:46:50.765583Z","level":"INFO","fields":{"message":"Retry strategy","retry":"RetryWrapper { max_attempts: 5, base_delay: 3s, max_duration: 360s, no_retry_on_429: false, retry_on_403: false, expected_416: true, expected_404: false, log_errors_as_info: false, api_tag: \"cas::get_reconstruction_v2\", has_connection_permit: false }"},"filename":"/Users/runner/work/xet-core/xet-core/xet_client/src/cas_client/retry_wrapper.rs","line_number":274}
{"timestamp":"2026-08-14T13:46:50.765591Z","level":"INFO","fields":{"message":"Starting get_reconstruction API call","call_id":9,"file_id":"8cbfe110a59c1d7afbde7f53d494711e4dc02dd49057d51ca8e9b17a21c63557","bytes_range":"Some(Range { start: 256000000, end: 768000000 })","api_version":"v2"},"filename":"/Users/runner/work/xet-core/xet-core/xet_client/src/cas_client/remote_client.rs","line_number":212}
{"timestamp":"2026-08-14T13:46:50.765607Z","level":"INFO","fields":{"message":"Retry strategy","retry":"RetryWrapper { max_attempts: 5, base_delay: 3s, max_duration: 360s, no_retry_on_429: false, retry_on_403: false, expected_416: true, expected_404: false, log_errors_as_info: false, api_tag: \"cas::get_reconstruction_v2\", has_connection_permit: false }"},"filename":"/Users/runner/work/xet-core/xet-core/xet_client/src/cas_client/retry_wrapper.rs","line_number":274}
{"timestamp":"2026-08-14T13:46:51.104693Z","level":"INFO","fields":{"message":"Received CAS response","request_id":"01M008D19VEER1APJ2G0J1CC75","status_code":416},"filename":"/Users/runner/work/xet-core/xet-core/xet_client/src/common/http_client.rs","line_number":288}
{"timestamp":"2026-08-14T13:46:51.104744Z","level":"INFO","fields":{"message":"Reached end of reconstruction 416 (Range Not Satisfiable): \"cas::get_reconstruction_v2\" api call failed (request id 01M008D19VEER1APJ2G0J1CC75): HTTP status client error (416 Range Not Satisfiable) for url (https://cas-server.xethub.hf.co/v2/reconstructions/8cbfe110a59c1d7afbde7f53d494711e4dc02dd49057d51ca8e9b17a21c63557)"},"filename":"/Users/runner/work/xet-core/xet-core/xet_client/src/cas_client/retry_wrapper.rs","line_number":189}
{"timestamp":"2026-08-14T13:46:51.579314Z","level":"INFO","fields":{"message":"Received CAS response","request_id":"01M008D1A1V8740BH5APVD62WQ","status_code":200},"filename":"/Users/runner/work/xet-core/xet-core/xet_client/src/common/http_client.rs","line_number":288}
{"timestamp":"2026-08-14T13:46:51.579339Z","level":"INFO","fields":{"message":"Request Success: cas::get_reconstruction_v2 api call succeeded (request id 01M008D1A1V8740BH5APVD62WQ)."},"filename":"/Users/runner/work/xet-core/xet-core/xet_client/src/cas_client/retry_wrapper.rs","line_number":237}
{"timestamp":"2026-08-14T13:46:51.579387Z","level":"INFO","fields":{"message":"Completed get_reconstruction API call","call_id":8,"file_id":"8cbfe110a59c1d7afbde7f53d494711e4dc02dd49057d51ca8e9b17a21c63557","bytes_range":"Some(Range { start: 0, end: 256000000 })","api_version":"v2"},"filename":"/Users/runner/work/xet-core/xet-core/xet_client/src/cas_client/remote_client.rs","line_number":236}
{"timestamp":"2026-08-14T13:46:51.579442Z","level":"INFO","fields":{"message":"Received block of file terms from prefetch queue","file_hash":"8cbfe110a59c1d7afbde7f53d494711e4dc02dd49057d51ca8e9b17a21c63557","domain":"us.aws.cdn.hf.co","block_start":0,"block_end":256000000,"block_size":4},"filename":"/Users/runner/work/xet-core/xet-core/xet_data/src/file_reconstruction/reconstruction_terms/manager.rs","line_number":156}
{"timestamp":"2026-08-14T13:46:51.579480Z","level":"INFO","fields":{"message":"Updated completion rate estimate based on previous block completion time (seconds).","file_hash":"8cbfe110a59c1d7afbde7f53d494711e4dc02dd49057d51ca8e9b17a21c63557","block_start":0,"block_end":256000000,"block_size":256000000,"completion_time":0.000038042},"filename":"/Users/runner/work/xet-core/xet-core/xet_data/src/file_reconstruction/reconstruction_terms/manager.rs","line_number":109}
{"timestamp":"2026-08-14T13:46:51.579499Z","level":"INFO","fields":{"message":"Retry strategy","retry":"RetryWrapper { max_attempts: 5, base_delay: 3s, max_duration: 360s, no_retry_on_429: false, retry_on_403: true, expected_416: false, expected_404: false, log_errors_as_info: false, api_tag: \"s3::get_range\", has_connection_permit: true }"},"filename":"/Users/runner/work/xet-core/xet-core/xet_client/src/cas_client/retry_wrapper.rs","line_number":274}
{"timestamp":"2026-08-14T13:46:51.579740Z","level":"INFO","fields":{"message":"Retry strategy","retry":"RetryWrapper { max_attempts: 5, base_delay: 3s, max_duration: 360s, no_retry_on_429: false, retry_on_403: true, expected_416: false, expected_404: false, log_errors_as_info: false, api_tag: \"s3::get_range\", has_connection_permit: true }"},"filename":"/Users/runner/work/xet-core/xet-core/xet_client/src/cas_client/retry_wrapper.rs","line_number":274}
{"timestamp":"2026-08-14T13:46:51.579847Z","level":"INFO","fields":{"message":"Retry strategy","retry":"RetryWrapper { max_attempts: 5, base_delay: 3s, max_duration: 360s, no_retry_on_429: false, retry_on_403: true, expected_416: false, expected_404: false, log_errors_as_info: false, api_tag: \"s3::get_range\", has_connection_permit: true }"},"filename":"/Users/runner/work/xet-core/xet-core/xet_client/src/cas_client/retry_wrapper.rs","line_number":274}
{"timestamp":"2026-08-14T13:46:51.579958Z","level":"INFO","fields":{"message":"Retry strategy","retry":"RetryWrapper { max_attempts: 5, base_delay: 3s, max_duration: 360s, no_retry_on_429: false, retry_on_403: true, expected_416: false, expected_404: false, log_errors_as_info: false, api_tag: \"s3::get_range\", has_connection_permit: true }"},"filename":"/Users/runner/work/xet-core/xet-core/xet_client/src/cas_client/retry_wrapper.rs","line_number":274}
{"timestamp":"2026-08-14T13:46:51.642630Z","level":"INFO","fields":{"message":"Received CAS response","request_id":"01M008D19YHCXHYT7R9VHAZ5M4","status_code":200},"filename":"/Users/runner/work/xet-core/xet-core/xet_client/src/common/http_client.rs","line_number":288}
{"timestamp":"2026-08-14T13:46:51.642655Z","level":"INFO","fields":{"message":"Request Success: cas::get_reconstruction_v2 api call succeeded (request id 01M008D19YHCXHYT7R9VHAZ5M4)."},"filename":"/Users/runner/work/xet-core/xet-core/xet_client/src/cas_client/retry_wrapper.rs","line_number":237}
{"timestamp":"2026-08-14T13:46:51.642722Z","level":"INFO","fields":{"message":"Completed get_reconstruction API call","call_id":9,"file_id":"8cbfe110a59c1d7afbde7f53d494711e4dc02dd49057d51ca8e9b17a21c63557","bytes_range":"Some(Range { start: 256000000, end: 768000000 })","api_version":"v2"},"filename":"/Users/runner/work/xet-core/xet-core/xet_client/src/cas_client/remote_client.rs","line_number":236}
{"timestamp":"2026-08-14T13:46:51.642769Z","level":"INFO","fields":{"message":"Received block of file terms from prefetch queue","file_hash":"8cbfe110a59c1d7afbde7f53d494711e4dc02dd49057d51ca8e9b17a21c63557","domain":"us.aws.cdn.hf.co","block_start":256000000,"block_end":415669328,"block_size":4},"filename":"/Users/runner/work/xet-core/xet-core/xet_data/src/file_reconstruction/reconstruction_terms/manager.rs","line_number":156}
{"timestamp":"2026-08-14T13:46:51.642805Z","level":"INFO","fields":{"message":"Updated completion rate estimate based on previous block completion time (seconds).","file_hash":"8cbfe110a59c1d7afbde7f53d494711e4dc02dd49057d51ca8e9b17a21c63557","block_start":256000000,"block_end":415669328,"block_size":159669328,"completion_time":0.000035792},"filename":"/Users/runner/work/xet-core/xet-core/xet_data/src/file_reconstruction/reconstruction_terms/manager.rs","line_number":109}
{"timestamp":"2026-08-14T13:46:51.642813Z","level":"INFO","fields":{"message":"Completed prefetch queue; end of file reached.","file_hash":"8cbfe110a59c1d7afbde7f53d494711e4dc02dd49057d51ca8e9b17a21c63557","prefetched_byte_position":1024000000},"filename":"/Users/runner/work/xet-core/xet-core/xet_data/src/file_reconstruction/reconstruction_terms/manager.rs","line_number":183}
{"timestamp":"2026-08-14T13:46:51.642817Z","level":"INFO","fields":{"message":"All term blocks received and scheduled for writing","file_hash":"8cbfe110a59c1d7afbde7f53d494711e4dc02dd49057d51ca8e9b17a21c63557","block_count":2,"total_terms_processed":8,"total_bytes_scheduled":415669328},"filename":"/Users/runner/work/xet-core/xet-core/xet_data/src/file_reconstruction/run_state.rs","line_number":150}
{"timestamp":"2026-08-14T13:46:51.642816Z","level":"INFO","fields":{"message":"Retry strategy","retry":"RetryWrapper { max_attempts: 5, base_delay: 3s, max_duration: 360s, no_retry_on_429: false, retry_on_403: true, expected_416: false, expected_404: false, log_errors_as_info: false, api_tag: \"s3::get_range\", has_connection_permit: true }"},"filename":"/Users/runner/work/xet-core/xet-core/xet_client/src/cas_client/retry_wrapper.rs","line_number":274}
{"timestamp":"2026-08-14T13:46:51.642826Z","level":"INFO","fields":{"message":"Retry strategy","retry":"RetryWrapper { max_attempts: 5, base_delay: 3s, max_duration: 360s, no_retry_on_429: false, retry_on_403: true, expected_416: false, expected_404: false, log_errors_as_info: false, api_tag: \"s3::get_range\", has_connection_permit: true }"},"filename":"/Users/runner/work/xet-core/xet-core/xet_client/src/cas_client/retry_wrapper.rs","line_number":274}
{"timestamp":"2026-08-14T13:46:51.642831Z","level":"INFO","fields":{"message":"Retry strategy","retry":"RetryWrapper { max_attempts: 5, base_delay: 3s, max_duration: 360s, no_retry_on_429: false, retry_on_403: true, expected_416: false, expected_404: false, log_errors_as_info: false, api_tag: \"s3::get_range\", has_connection_permit: true }"},"filename":"/Users/runner/work/xet-core/xet-core/xet_client/src/cas_client/retry_wrapper.rs","line_number":274}
{"timestamp":"2026-08-14T13:46:51.642848Z","level":"INFO","fields":{"message":"Retry strategy","retry":"RetryWrapper { max_attempts: 5, base_delay: 3s, max_duration: 360s, no_retry_on_429: false, retry_on_403: true, expected_416: false, expected_404: false, log_errors_as_info: false, api_tag: \"s3::get_range\", has_connection_permit: true }"},"filename":"/Users/runner/work/xet-core/xet-core/xet_client/src/cas_client/retry_wrapper.rs","line_number":274}
{"timestamp":"2026-08-14T13:46:51.712161Z","level":"INFO","fields":{"message":"Received CAS response","request_id":"01M008D1VV37M19S8KEM1WW9AB","status_code":206},"filename":"/Users/runner/work/xet-core/xet-core/xet_client/src/common/http_client.rs","line_number":288}
{"timestamp":"2026-08-14T13:46:51.712194Z","level":"INFO","fields":{"message":"Request Success: s3::get_range api call succeeded (request id 01M008D1VV37M19S8KEM1WW9AB)."},"filename":"/Users/runner/work/xet-core/xet-core/xet_client/src/cas_client/retry_wrapper.rs","line_number":237}
{"timestamp":"2026-08-14T13:46:51.713470Z","level":"INFO","fields":{"message":"Concurrency control for download: Increased concurrency from 25 to 26; reason: success ratio 1.000 is above threshold 0.800 and predicted RTT for 61MB at new concurrency is 21.31s < target 60.0s"},"filename":"/Users/runner/work/xet-core/xet-core/xet_client/src/cas_client/adaptive_concurrency/controller.rs","line_number":548}
{"timestamp":"2026-08-14T13:46:51.719547Z","level":"INFO","fields":{"message":"Received CAS response","request_id":"01M008D1VTYXPVNHPGARVC4DTP","status_code":206},"filename":"/Users/runner/work/xet-core/xet-core/xet_client/src/common/http_client.rs","line_number":288}
{"timestamp":"2026-08-14T13:46:51.719564Z","level":"INFO","fields":{"message":"Request Success: s3::get_range api call succeeded (request id 01M008D1VTYXPVNHPGARVC4DTP)."},"filename":"/Users/runner/work/xet-core/xet-core/xet_client/src/cas_client/retry_wrapper.rs","line_number":237}
{"timestamp":"2026-08-14T13:46:51.735231Z","level":"INFO","fields":{"message":"Received CAS response","request_id":"01M008D1VV3DSC0AFC2PQQM3GV","status_code":206},"filename":"/Users/runner/work/xet-core/xet-core/xet_client/src/common/http_client.rs","line_number":288}
{"timestamp":"2026-08-14T13:46:51.735247Z","level":"INFO","fields":{"message":"Request Success: s3::get_range api call succeeded (request id 01M008D1VV3DSC0AFC2PQQM3GV)."},"filename":"/Users/runner/work/xet-core/xet-core/xet_client/src/cas_client/retry_wrapper.rs","line_number":237}
{"timestamp":"2026-08-14T13:46:51.748033Z","level":"INFO","fields":{"message":"Received CAS response","request_id":"01M008D1VQFZYHT4XR7W7K83KX","status_code":206},"filename":"/Users/runner/work/xet-core/xet-core/xet_client/src/common/http_client.rs","line_number":288}
{"timestamp":"2026-08-14T13:46:51.748048Z","level":"INFO","fields":{"message":"Request Success: s3::get_range api call succeeded (request id 01M008D1VQFZYHT4XR7W7K83KX)."},"filename":"/Users/runner/work/xet-core/xet-core/xet_client/src/cas_client/retry_wrapper.rs","line_number":237}
{"timestamp":"2026-08-14T13:46:51.765096Z","level":"INFO","fields":{"message":"Received CAS response","request_id":"01M008D1XG24D188SRTTPMYNK0","status_code":206},"filename":"/Users/runner/work/xet-core/xet-core/xet_client/src/common/http_client.rs","line_number":288}
{"timestamp":"2026-08-14T13:46:51.765117Z","level":"INFO","fields":{"message":"Request Success: s3::get_range api call succeeded (request id 01M008D1XG24D188SRTTPMYNK0)."},"filename":"/Users/runner/work/xet-core/xet-core/xet_client/src/cas_client/retry_wrapper.rs","line_number":237}
{"timestamp":"2026-08-14T13:46:51.785796Z","level":"INFO","fields":{"message":"Received CAS response","request_id":"01M008D1XQK1SS6DGY8GMXG04T","status_code":206},"filename":"/Users/runner/work/xet-core/xet-core/xet_client/src/common/http_client.rs","line_number":288}
{"timestamp":"2026-08-14T13:46:51.785816Z","level":"INFO","fields":{"message":"Request Success: s3::get_range api call succeeded (request id 01M008D1XQK1SS6DGY8GMXG04T)."},"filename":"/Users/runner/work/xet-core/xet-core/xet_client/src/cas_client/retry_wrapper.rs","line_number":237}
{"timestamp":"2026-08-14T13:46:51.787520Z","level":"INFO","fields":{"message":"Received CAS response","request_id":"01M008D1XP2AD98JXY275N8XHG","status_code":206},"filename":"/Users/runner/work/xet-core/xet-core/xet_client/src/common/http_client.rs","line_number":288}
{"timestamp":"2026-08-14T13:46:51.787528Z","level":"INFO","fields":{"message":"Request Success: s3::get_range api call succeeded (request id 01M008D1XP2AD98JXY275N8XHG)."},"filename":"/Users/runner/work/xet-core/xet-core/xet_client/src/cas_client/retry_wrapper.rs","line_number":237}
{"timestamp":"2026-08-14T13:46:51.800123Z","level":"INFO","fields":{"message":"Received CAS response","request_id":"01M008D1XM4FQC7DPHHB454PV4","status_code":206},"filename":"/Users/runner/work/xet-core/xet-core/xet_client/src/common/http_client.rs","line_number":288}
{"timestamp":"2026-08-14T13:46:51.800144Z","level":"INFO","fields":{"message":"Request Success: s3::get_range api call succeeded (request id 01M008D1XM4FQC7DPHHB454PV4)."},"filename":"/Users/runner/work/xet-core/xet-core/xet_client/src/cas_client/retry_wrapper.rs","line_number":237}
{"timestamp":"2026-08-14T13:46:52.231263Z","level":"INFO","fields":{"message":"Concurrency control for download: Increased concurrency from 26 to 27; reason: success ratio 1.000 is above threshold 0.800 and predicted RTT for 61MB at new concurrency is 34.60s < target 60.0s"},"filename":"/Users/runner/work/xet-core/xet-core/xet_client/src/cas_client/adaptive_concurrency/controller.rs","line_number":548}
{"timestamp":"2026-08-14T13:46:52.731792Z","level":"INFO","fields":{"message":"Concurrency control for download: Increased concurrency from 27 to 28; reason: success ratio 1.000 is above threshold 0.800 and predicted RTT for 61MB at new concurrency is 55.33s < target 60.0s"},"filename":"/Users/runner/work/xet-core/xet-core/xet_client/src/cas_client/adaptive_concurrency/controller.rs","line_number":548}
{"timestamp":"2026-08-14T13:46:53.651937Z","level":"INFO","fields":{"message":"Concurrency control for download: Current concurrency = 28; predicted bandwidth = 430585; success_ratio = 1.000; reference_size = 61.0MB; observed bytes sent so far = 863561649; completed transmissions = 16"},"filename":"/Users/runner/work/xet-core/xet-core/xet_client/src/cas_client/adaptive_concurrency/controller.rs","line_number":602}
{"timestamp":"2026-08-14T13:47:03.681278Z","level":"INFO","fields":{"message":"Concurrency control for download: Current concurrency = 28; predicted bandwidth = 8013452; success_ratio = 1.000; reference_size = 61.0MB; observed bytes sent so far = 976421562; completed transmissions = 18"},"filename":"/Users/runner/work/xet-core/xet-core/xet_client/src/cas_client/adaptive_concurrency/controller.rs","line_number":602}
{"timestamp":"2026-08-14T13:47:13.759044Z","level":"INFO","fields":{"message":"Concurrency control for download: Current concurrency = 28; predicted bandwidth = 1982126; success_ratio = 1.000; reference_size = 61.0MB; observed bytes sent so far = 1105183418; completed transmissions = 18"},"filename":"/Users/runner/work/xet-core/xet-core/xet_client/src/cas_client/adaptive_concurrency/controller.rs","line_number":602}
{"timestamp":"2026-08-14T13:47:23.095736Z","level":"INFO","fields":{"message":"Concurrency control for download: Increased concurrency from 28 to 29; reason: success ratio 1.000 is above threshold 0.800 and predicted RTT for 61MB at new concurrency is 10.40s < target 60.0s"},"filename":"/Users/runner/work/xet-core/xet-core/xet_client/src/cas_client/adaptive_concurrency/controller.rs","line_number":548}
{"timestamp":"2026-08-14T13:47:23.605093Z","level":"INFO","fields":{"message":"Concurrency control for download: Increased concurrency from 29 to 30; reason: success ratio 1.000 is above threshold 0.800 and predicted RTT for 61MB at new concurrency is 23.53s < target 60.0s"},"filename":"/Users/runner/work/xet-core/xet-core/xet_client/src/cas_client/adaptive_concurrency/controller.rs","line_number":548}
{"timestamp":"2026-08-14T13:47:23.805053Z","level":"INFO","fields":{"message":"Concurrency control for download: Current concurrency = 30; predicted bandwidth = 329505; success_ratio = 1.000; reference_size = 61.0MB; observed bytes sent so far = 1249792296; completed transmissions = 22"},"filename":"/Users/runner/work/xet-core/xet-core/xet_client/src/cas_client/adaptive_concurrency/controller.rs","line_number":602}
{"timestamp":"2026-08-14T13:47:24.191340Z","level":"INFO","fields":{"message":"Concurrency control for download: Increased concurrency from 30 to 31; reason: success ratio 1.000 is above threshold 0.800 and predicted RTT for 61MB at new concurrency is 18.29s < target 60.0s"},"filename":"/Users/runner/work/xet-core/xet-core/xet_client/src/cas_client/adaptive_concurrency/controller.rs","line_number":548}
{"timestamp":"2026-08-14T13:47:24.859988Z","level":"INFO","fields":{"message":"File reconstruction completed successfully","file_hash":"8cbfe110a59c1d7afbde7f53d494711e4dc02dd49057d51ca8e9b17a21c63557","block_count":2,"total_terms_processed":8,"total_bytes_scheduled":415669328},"filename":"/Users/runner/work/xet-core/xet-core/xet_data/src/file_reconstruction/run_state.rs","line_number":150}
{"timestamp":"2026-08-14T13:47:25.062386Z","level":"INFO","fields":{"message":"CAS auth disabled","caller":"/Users/runner/work/xet-core/xet-core/xet_client/src/common/http_client.rs:166"},"filename":"/Users/runner/work/xet-core/xet-core/xet_runtime/src/error_printer/mod.rs","line_number":198}
{"timestamp":"2026-08-14T13:47:25.073813Z","level":"INFO","fields":{"message":"HTTP client configured","idle_timeout":"60s","max_idle_connections":16,"custom_headers":"Some({\"user-agent\": \"datasets/5.0.0; hf_hub/1.24.0; python/3.14.0; torch/2.13.0; agent/warp; pyarrow/24.0.0\", \"authorization\": \"[REDACTED]\"})"},"filename":"/Users/runner/work/xet-core/xet-core/xet_client/src/common/http_client.rs","line_number":187}
{"timestamp":"2026-08-14T13:47:25.073843Z","level":"INFO","fields":{"message":"Retry strategy","retry":"RetryWrapper { max_attempts: 5, base_delay: 3s, max_duration: 360s, no_retry_on_429: false, retry_on_403: false, expected_416: false, expected_404: false, log_errors_as_info: false, api_tag: \"xet-token\", has_connection_permit: false }"},"filename":"/Users/runner/work/xet-core/xet-core/xet_client/src/cas_client/retry_wrapper.rs","line_number":274}
{"timestamp":"2026-08-14T13:47:25.206731Z","level":"INFO","fields":{"message":"Received CAS response","request_id":"Root=1-6a7f1c6d-6d34c5ce023f1aac0eb34e10","status_code":200},"filename":"/Users/runner/work/xet-core/xet-core/xet_client/src/common/http_client.rs","line_number":288}
{"timestamp":"2026-08-14T13:47:25.206770Z","level":"INFO","fields":{"message":"Request Success: xet-token api call succeeded (request id Root=1-6a7f1c6d-6d34c5ce023f1aac0eb34e10)."},"filename":"/Users/runner/work/xet-core/xet-core/xet_client/src/cas_client/retry_wrapper.rs","line_number":237}
{"timestamp":"2026-08-14T13:47:25.207215Z","level":"INFO","fields":{"message":"TranslatorConfig initialized","endpoint":"https://cas-server.xethub.hf.co","session_id":"Some(\"01a00087-0a96-7e33-90e0-c6aae09af34a\")","shard_cache":"/Users/mickman/Documents/programs/PulmoNetAI/$HOME/.cache/huggingface/xet/https___cas_serv-tGqkUaZf_CBPHQ6h/shard-cache","shard_session":"/Users/mickman/Documents/programs/PulmoNetAI/$HOME/.cache/huggingface/xet/https___cas_serv-tGqkUaZf_CBPHQ6h/staging/shard-session"},"filename":"/Users/runner/work/xet-core/xet-core/xet_data/src/processing/configurations.rs","line_number":127}
{"timestamp":"2026-08-14T13:47:25.207859Z","level":"INFO","fields":{"message":"HTTP client configured","idle_timeout":"60s","max_idle_connections":16,"custom_headers":"Some({\"user-agent\": \"datasets/5.0.0; hf_hub/1.24.0; python/3.14.0; torch/2.13.0; agent/warp; pyarrow/24.0.0; hf_xet/1.5.2\"})"},"filename":"/Users/runner/work/xet-core/xet-core/xet_client/src/common/http_client.rs","line_number":187}
{"timestamp":"2026-08-14T13:47:25.207882Z","level":"INFO","fields":{"message":"CAS auth disabled","caller":"/Users/runner/work/xet-core/xet-core/xet_client/src/common/http_client.rs:166"},"filename":"/Users/runner/work/xet-core/xet-core/xet_runtime/src/error_printer/mod.rs","line_number":198}
{"timestamp":"2026-08-14T13:47:25.207891Z","level":"INFO","fields":{"message":"HTTP client configured","idle_timeout":"60s","max_idle_connections":16,"custom_headers":"Some({\"user-agent\": \"datasets/5.0.0; hf_hub/1.24.0; python/3.14.0; torch/2.13.0; agent/warp; pyarrow/24.0.0; hf_xet/1.5.2\"})"},"filename":"/Users/runner/work/xet-core/xet-core/xet_client/src/common/http_client.rs","line_number":187}
{"timestamp":"2026-08-14T13:47:25.208221Z","level":"INFO","fields":{"message":"No-read-timeout HTTP client configured (for shard uploads)","connect_timeout":"60s"},"filename":"/Users/runner/work/xet-core/xet-core/xet_client/src/common/http_client.rs","line_number":136}
{"timestamp":"2026-08-14T13:47:25.208284Z","level":"INFO","fields":{"message":"New file download group, session_id=01a00085-7bd4-7983-b712-694beb95e6ab, group_id=13"},"filename":"/Users/runner/work/xet-core/xet-core/xet_pkg/src/xet_session/file_download_group.rs","line_number":61}
{"timestamp":"2026-08-14T13:47:25.208426Z","level":"INFO","fields":{"message":"Download file to path","group_id":"13","dest_path":"\"/Users/mickman/.cache/huggingface/hub/datasets--ykumards--open-i/blobs/8e85861666ce434ae2f874e2d193aae671746d5f5e69363c487ec087408e9380.49176484.incomplete\"","hash":"3df79fdb21c2daaa290b88018247ea39df2397b9f17a3b2b343b97ed76e0e38a"},"filename":"/Users/runner/work/xet-core/xet-core/xet_pkg/src/xet_session/file_download_group.rs","line_number":287}
{"timestamp":"2026-08-14T13:47:25.208507Z","level":"INFO","fields":{"message":"Reconstructing file to disk","file_hash":"3df79fdb21c2daaa290b88018247ea39df2397b9f17a3b2b343b97ed76e0e38a","byte_range":"None","path":"/Users/mickman/.cache/huggingface/hub/datasets--ykumards--open-i/blobs/8e85861666ce434ae2f874e2d193aae671746d5f5e69363c487ec087408e9380.49176484.incomplete","write_offset":"None"},"filename":"/Users/runner/work/xet-core/xet-core/xet_data/src/file_reconstruction/file_reconstructor.rs","line_number":126}
{"timestamp":"2026-08-14T13:47:25.208576Z","level":"INFO","fields":{"message":"Download group finish","group_id":"13"},"filename":"/Users/runner/work/xet-core/xet-core/xet_pkg/src/xet_session/file_download_group.rs","line_number":306}
{"timestamp":"2026-08-14T13:47:25.208721Z","level":"INFO","fields":{"message":"Scheduling prefetch block","file_hash":"3df79fdb21c2daaa290b88018247ea39df2397b9f17a3b2b343b97ed76e0e38a","prefetch_range":"(0, 256000000)","requested_block_size":256000000,"actual_block_size":256000000,"queue_depth":1},"filename":"/Users/runner/work/xet-core/xet-core/xet_data/src/file_reconstruction/reconstruction_terms/manager.rs","line_number":277}
{"timestamp":"2026-08-14T13:47:25.208742Z","level":"INFO","fields":{"message":"Scheduling prefetch block","file_hash":"3df79fdb21c2daaa290b88018247ea39df2397b9f17a3b2b343b97ed76e0e38a","prefetch_range":"(256000000, 768000000)","requested_block_size":512000000,"actual_block_size":512000000,"queue_depth":2},"filename":"/Users/runner/work/xet-core/xet-core/xet_data/src/file_reconstruction/reconstruction_terms/manager.rs","line_number":277}
{"timestamp":"2026-08-14T13:47:25.208758Z","level":"INFO","fields":{"message":"Scheduling prefetch block","file_hash":"3df79fdb21c2daaa290b88018247ea39df2397b9f17a3b2b343b97ed76e0e38a","prefetch_range":"(768000000, 1024000000)","requested_block_size":256000000,"actual_block_size":256000000,"queue_depth":3},"filename":"/Users/runner/work/xet-core/xet-core/xet_data/src/file_reconstruction/reconstruction_terms/manager.rs","line_number":277}
{"timestamp":"2026-08-14T13:47:25.208783Z","level":"INFO","fields":{"message":"Starting get_reconstruction API call","call_id":10,"file_id":"3df79fdb21c2daaa290b88018247ea39df2397b9f17a3b2b343b97ed76e0e38a","bytes_range":"Some(Range { start: 768000000, end: 1024000000 })","api_version":"v2"},"filename":"/Users/runner/work/xet-core/xet-core/xet_client/src/cas_client/remote_client.rs","line_number":212}
{"timestamp":"2026-08-14T13:47:25.208783Z","level":"INFO","fields":{"message":"Starting get_reconstruction API call","call_id":11,"file_id":"3df79fdb21c2daaa290b88018247ea39df2397b9f17a3b2b343b97ed76e0e38a","bytes_range":"Some(Range { start: 0, end: 256000000 })","api_version":"v2"},"filename":"/Users/runner/work/xet-core/xet-core/xet_client/src/cas_client/remote_client.rs","line_number":212}
{"timestamp":"2026-08-14T13:47:25.208795Z","level":"INFO","fields":{"message":"Retry strategy","retry":"RetryWrapper { max_attempts: 5, base_delay: 3s, max_duration: 360s, no_retry_on_429: false, retry_on_403: false, expected_416: true, expected_404: false, log_errors_as_info: false, api_tag: \"cas::get_reconstruction_v2\", has_connection_permit: false }"},"filename":"/Users/runner/work/xet-core/xet-core/xet_client/src/cas_client/retry_wrapper.rs","line_number":274}
{"timestamp":"2026-08-14T13:47:25.208794Z","level":"INFO","fields":{"message":"Retry strategy","retry":"RetryWrapper { max_attempts: 5, base_delay: 3s, max_duration: 360s, no_retry_on_429: false, retry_on_403: false, expected_416: true, expected_404: false, log_errors_as_info: false, api_tag: \"cas::get_reconstruction_v2\", has_connection_permit: false }"},"filename":"/Users/runner/work/xet-core/xet-core/xet_client/src/cas_client/retry_wrapper.rs","line_number":274}
{"timestamp":"2026-08-14T13:47:25.208803Z","level":"INFO","fields":{"message":"Starting get_reconstruction API call","call_id":12,"file_id":"3df79fdb21c2daaa290b88018247ea39df2397b9f17a3b2b343b97ed76e0e38a","bytes_range":"Some(Range { start: 256000000, end: 768000000 })","api_version":"v2"},"filename":"/Users/runner/work/xet-core/xet-core/xet_client/src/cas_client/remote_client.rs","line_number":212}
{"timestamp":"2026-08-14T13:47:25.208817Z","level":"INFO","fields":{"message":"Retry strategy","retry":"RetryWrapper { max_attempts: 5, base_delay: 3s, max_duration: 360s, no_retry_on_429: false, retry_on_403: false, expected_416: true, expected_404: false, log_errors_as_info: false, api_tag: \"cas::get_reconstruction_v2\", has_connection_permit: false }"},"filename":"/Users/runner/work/xet-core/xet-core/xet_client/src/cas_client/retry_wrapper.rs","line_number":274}
{"timestamp":"2026-08-14T13:47:25.563880Z","level":"INFO","fields":{"message":"Received CAS response","request_id":"01M008E2YPEKMJNYB916HAH8N4","status_code":416},"filename":"/Users/runner/work/xet-core/xet-core/xet_client/src/common/http_client.rs","line_number":288}
{"timestamp":"2026-08-14T13:47:25.563907Z","level":"INFO","fields":{"message":"Reached end of reconstruction 416 (Range Not Satisfiable): \"cas::get_reconstruction_v2\" api call failed (request id 01M008E2YPEKMJNYB916HAH8N4): HTTP status client error (416 Range Not Satisfiable) for url (https://cas-server.xethub.hf.co/v2/reconstructions/3df79fdb21c2daaa290b88018247ea39df2397b9f17a3b2b343b97ed76e0e38a)"},"filename":"/Users/runner/work/xet-core/xet-core/xet_client/src/cas_client/retry_wrapper.rs","line_number":189}
{"timestamp":"2026-08-14T13:47:26.087090Z","level":"INFO","fields":{"message":"Received CAS response","request_id":"01M008E2YRPVYK1K4MMN5DD2PP","status_code":200},"filename":"/Users/runner/work/xet-core/xet-core/xet_client/src/common/http_client.rs","line_number":288}
{"timestamp":"2026-08-14T13:47:26.087127Z","level":"INFO","fields":{"message":"Request Success: cas::get_reconstruction_v2 api call succeeded (request id 01M008E2YRPVYK1K4MMN5DD2PP)."},"filename":"/Users/runner/work/xet-core/xet-core/xet_client/src/cas_client/retry_wrapper.rs","line_number":237}
{"timestamp":"2026-08-14T13:47:26.087186Z","level":"INFO","fields":{"message":"Completed get_reconstruction API call","call_id":11,"file_id":"3df79fdb21c2daaa290b88018247ea39df2397b9f17a3b2b343b97ed76e0e38a","bytes_range":"Some(Range { start: 0, end: 256000000 })","api_version":"v2"},"filename":"/Users/runner/work/xet-core/xet-core/xet_client/src/cas_client/remote_client.rs","line_number":236}
{"timestamp":"2026-08-14T13:47:26.087251Z","level":"INFO","fields":{"message":"Received block of file terms from prefetch queue","file_hash":"3df79fdb21c2daaa290b88018247ea39df2397b9f17a3b2b343b97ed76e0e38a","domain":"us.aws.cdn.hf.co","block_start":0,"block_end":256000000,"block_size":4},"filename":"/Users/runner/work/xet-core/xet-core/xet_data/src/file_reconstruction/reconstruction_terms/manager.rs","line_number":156}
{"timestamp":"2026-08-14T13:47:26.087308Z","level":"INFO","fields":{"message":"Updated completion rate estimate based on previous block completion time (seconds).","file_hash":"3df79fdb21c2daaa290b88018247ea39df2397b9f17a3b2b343b97ed76e0e38a","block_start":0,"block_end":256000000,"block_size":256000000,"completion_time":0.000056},"filename":"/Users/runner/work/xet-core/xet-core/xet_data/src/file_reconstruction/reconstruction_terms/manager.rs","line_number":109}
{"timestamp":"2026-08-14T13:47:26.087334Z","level":"INFO","fields":{"message":"Retry strategy","retry":"RetryWrapper { max_attempts: 5, base_delay: 3s, max_duration: 360s, no_retry_on_429: false, retry_on_403: true, expected_416: false, expected_404: false, log_errors_as_info: false, api_tag: \"s3::get_range\", has_connection_permit: true }"},"filename":"/Users/runner/work/xet-core/xet-core/xet_client/src/cas_client/retry_wrapper.rs","line_number":274}
{"timestamp":"2026-08-14T13:47:26.087340Z","level":"INFO","fields":{"message":"Retry strategy","retry":"RetryWrapper { max_attempts: 5, base_delay: 3s, max_duration: 360s, no_retry_on_429: false, retry_on_403: true, expected_416: false, expected_404: false, log_errors_as_info: false, api_tag: \"s3::get_range\", has_connection_permit: true }"},"filename":"/Users/runner/work/xet-core/xet-core/xet_client/src/cas_client/retry_wrapper.rs","line_number":274}
{"timestamp":"2026-08-14T13:47:26.087365Z","level":"INFO","fields":{"message":"Retry strategy","retry":"RetryWrapper { max_attempts: 5, base_delay: 3s, max_duration: 360s, no_retry_on_429: false, retry_on_403: true, expected_416: false, expected_404: false, log_errors_as_info: false, api_tag: \"s3::get_range\", has_connection_permit: true }"},"filename":"/Users/runner/work/xet-core/xet-core/xet_client/src/cas_client/retry_wrapper.rs","line_number":274}
{"timestamp":"2026-08-14T13:47:26.087416Z","level":"INFO","fields":{"message":"Retry strategy","retry":"RetryWrapper { max_attempts: 5, base_delay: 3s, max_duration: 360s, no_retry_on_429: false, retry_on_403: true, expected_416: false, expected_404: false, log_errors_as_info: false, api_tag: \"s3::get_range\", has_connection_permit: true }"},"filename":"/Users/runner/work/xet-core/xet-core/xet_client/src/cas_client/retry_wrapper.rs","line_number":274}
{"timestamp":"2026-08-14T13:47:26.087805Z","level":"INFO","fields":{"message":"Received CAS response","request_id":"01M008E2YRP841415ZPKAFB05D","status_code":200},"filename":"/Users/runner/work/xet-core/xet-core/xet_client/src/common/http_client.rs","line_number":288}
{"timestamp":"2026-08-14T13:47:26.087827Z","level":"INFO","fields":{"message":"Request Success: cas::get_reconstruction_v2 api call succeeded (request id 01M008E2YRP841415ZPKAFB05D)."},"filename":"/Users/runner/work/xet-core/xet-core/xet_client/src/cas_client/retry_wrapper.rs","line_number":237}
{"timestamp":"2026-08-14T13:47:26.087889Z","level":"INFO","fields":{"message":"Completed get_reconstruction API call","call_id":12,"file_id":"3df79fdb21c2daaa290b88018247ea39df2397b9f17a3b2b343b97ed76e0e38a","bytes_range":"Some(Range { start: 256000000, end: 768000000 })","api_version":"v2"},"filename":"/Users/runner/work/xet-core/xet-core/xet_client/src/cas_client/remote_client.rs","line_number":236}
{"timestamp":"2026-08-14T13:47:26.087942Z","level":"INFO","fields":{"message":"Received block of file terms from prefetch queue","file_hash":"3df79fdb21c2daaa290b88018247ea39df2397b9f17a3b2b343b97ed76e0e38a","domain":"us.aws.cdn.hf.co","block_start":256000000,"block_end":415787300,"block_size":4},"filename":"/Users/runner/work/xet-core/xet-core/xet_data/src/file_reconstruction/reconstruction_terms/manager.rs","line_number":156}
{"timestamp":"2026-08-14T13:47:26.087972Z","level":"INFO","fields":{"message":"Updated completion rate estimate based on previous block completion time (seconds).","file_hash":"3df79fdb21c2daaa290b88018247ea39df2397b9f17a3b2b343b97ed76e0e38a","block_start":256000000,"block_end":415787300,"block_size":159787300,"completion_time":0.000029625},"filename":"/Users/runner/work/xet-core/xet-core/xet_data/src/file_reconstruction/reconstruction_terms/manager.rs","line_number":109}
{"timestamp":"2026-08-14T13:47:26.087986Z","level":"INFO","fields":{"message":"Completed prefetch queue; end of file reached.","file_hash":"3df79fdb21c2daaa290b88018247ea39df2397b9f17a3b2b343b97ed76e0e38a","prefetched_byte_position":1024000000},"filename":"/Users/runner/work/xet-core/xet-core/xet_data/src/file_reconstruction/reconstruction_terms/manager.rs","line_number":183}
{"timestamp":"2026-08-14T13:47:26.087985Z","level":"INFO","fields":{"message":"Retry strategy","retry":"RetryWrapper { max_attempts: 5, base_delay: 3s, max_duration: 360s, no_retry_on_429: false, retry_on_403: true, expected_416: false, expected_404: false, log_errors_as_info: false, api_tag: \"s3::get_range\", has_connection_permit: true }"},"filename":"/Users/runner/work/xet-core/xet-core/xet_client/src/cas_client/retry_wrapper.rs","line_number":274}
{"timestamp":"2026-08-14T13:47:26.087992Z","level":"INFO","fields":{"message":"All term blocks received and scheduled for writing","file_hash":"3df79fdb21c2daaa290b88018247ea39df2397b9f17a3b2b343b97ed76e0e38a","block_count":2,"total_terms_processed":8,"total_bytes_scheduled":415787300},"filename":"/Users/runner/work/xet-core/xet-core/xet_data/src/file_reconstruction/run_state.rs","line_number":150}
{"timestamp":"2026-08-14T13:47:26.088008Z","level":"INFO","fields":{"message":"Retry strategy","retry":"RetryWrapper { max_attempts: 5, base_delay: 3s, max_duration: 360s, no_retry_on_429: false, retry_on_403: true, expected_416: false, expected_404: false, log_errors_as_info: false, api_tag: \"s3::get_range\", has_connection_permit: true }"},"filename":"/Users/runner/work/xet-core/xet-core/xet_client/src/cas_client/retry_wrapper.rs","line_number":274}
{"timestamp":"2026-08-14T13:47:26.087998Z","level":"INFO","fields":{"message":"Retry strategy","retry":"RetryWrapper { max_attempts: 5, base_delay: 3s, max_duration: 360s, no_retry_on_429: false, retry_on_403: true, expected_416: false, expected_404: false, log_errors_as_info: false, api_tag: \"s3::get_range\", has_connection_permit: true }"},"filename":"/Users/runner/work/xet-core/xet-core/xet_client/src/cas_client/retry_wrapper.rs","line_number":274}
{"timestamp":"2026-08-14T13:47:26.088122Z","level":"INFO","fields":{"message":"Retry strategy","retry":"RetryWrapper { max_attempts: 5, base_delay: 3s, max_duration: 360s, no_retry_on_429: false, retry_on_403: true, expected_416: false, expected_404: false, log_errors_as_info: false, api_tag: \"s3::get_range\", has_connection_permit: true }"},"filename":"/Users/runner/work/xet-core/xet-core/xet_client/src/cas_client/retry_wrapper.rs","line_number":274}
{"timestamp":"2026-08-14T13:47:26.235487Z","level":"INFO","fields":{"message":"Received CAS response","request_id":"01M008E3JCCC7HK12ANF5ZPSH8","status_code":206},"filename":"/Users/runner/work/xet-core/xet-core/xet_client/src/common/http_client.rs","line_number":288}
{"timestamp":"2026-08-14T13:47:26.235527Z","level":"INFO","fields":{"message":"Request Success: s3::get_range api call succeeded (request id 01M008E3JCCC7HK12ANF5ZPSH8)."},"filename":"/Users/runner/work/xet-core/xet-core/xet_client/src/cas_client/retry_wrapper.rs","line_number":237}
{"timestamp":"2026-08-14T13:47:26.237449Z","level":"INFO","fields":{"message":"Concurrency control for download: Increased concurrency from 31 to 32; reason: success ratio 1.000 is above threshold 0.800 and predicted RTT for 61MB at new concurrency is 17.91s < target 60.0s"},"filename":"/Users/runner/work/xet-core/xet-core/xet_client/src/cas_client/adaptive_concurrency/controller.rs","line_number":548}
{"timestamp":"2026-08-14T13:47:26.240746Z","level":"INFO","fields":{"message":"Received CAS response","request_id":"01M008E3JKEM3335VRVTEFA650","status_code":206},"filename":"/Users/runner/work/xet-core/xet-core/xet_client/src/common/http_client.rs","line_number":288}
{"timestamp":"2026-08-14T13:47:26.240765Z","level":"INFO","fields":{"message":"Request Success: s3::get_range api call succeeded (request id 01M008E3JKEM3335VRVTEFA650)."},"filename":"/Users/runner/work/xet-core/xet-core/xet_client/src/cas_client/retry_wrapper.rs","line_number":237}
{"timestamp":"2026-08-14T13:47:26.242476Z","level":"INFO","fields":{"message":"Received CAS response","request_id":"01M008E3JM6SGZ7RQE71W2RH4P","status_code":206},"filename":"/Users/runner/work/xet-core/xet-core/xet_client/src/common/http_client.rs","line_number":288}
{"timestamp":"2026-08-14T13:47:26.242489Z","level":"INFO","fields":{"message":"Request Success: s3::get_range api call succeeded (request id 01M008E3JM6SGZ7RQE71W2RH4P)."},"filename":"/Users/runner/work/xet-core/xet-core/xet_client/src/cas_client/retry_wrapper.rs","line_number":237}
{"timestamp":"2026-08-14T13:47:26.245774Z","level":"INFO","fields":{"message":"Received CAS response","request_id":"01M008E3JAERHRD17H78PEVECH","status_code":206},"filename":"/Users/runner/work/xet-core/xet-core/xet_client/src/common/http_client.rs","line_number":288}
{"timestamp":"2026-08-14T13:47:26.245793Z","level":"INFO","fields":{"message":"Request Success: s3::get_range api call succeeded (request id 01M008E3JAERHRD17H78PEVECH)."},"filename":"/Users/runner/work/xet-core/xet-core/xet_client/src/cas_client/retry_wrapper.rs","line_number":237}
{"timestamp":"2026-08-14T13:47:26.245909Z","level":"INFO","fields":{"message":"Received CAS response","request_id":"01M008E3JFZQAET6QKAZY99MBN","status_code":206},"filename":"/Users/runner/work/xet-core/xet-core/xet_client/src/common/http_client.rs","line_number":288}
{"timestamp":"2026-08-14T13:47:26.245940Z","level":"INFO","fields":{"message":"Request Success: s3::get_range api call succeeded (request id 01M008E3JFZQAET6QKAZY99MBN)."},"filename":"/Users/runner/work/xet-core/xet-core/xet_client/src/cas_client/retry_wrapper.rs","line_number":237}
{"timestamp":"2026-08-14T13:47:26.245958Z","level":"INFO","fields":{"message":"Received CAS response","request_id":"01M008E3JDD8QDSW41NYTPSKRT","status_code":206},"filename":"/Users/runner/work/xet-core/xet-core/xet_client/src/common/http_client.rs","line_number":288}
{"timestamp":"2026-08-14T13:47:26.245966Z","level":"INFO","fields":{"message":"Request Success: s3::get_range api call succeeded (request id 01M008E3JDD8QDSW41NYTPSKRT)."},"filename":"/Users/runner/work/xet-core/xet-core/xet_client/src/cas_client/retry_wrapper.rs","line_number":237}
{"timestamp":"2026-08-14T13:47:26.251603Z","level":"INFO","fields":{"message":"Received CAS response","request_id":"01M008E3JJ52BBSXADBFBH539E","status_code":206},"filename":"/Users/runner/work/xet-core/xet-core/xet_client/src/common/http_client.rs","line_number":288}
{"timestamp":"2026-08-14T13:47:26.251626Z","level":"INFO","fields":{"message":"Request Success: s3::get_range api call succeeded (request id 01M008E3JJ52BBSXADBFBH539E)."},"filename":"/Users/runner/work/xet-core/xet-core/xet_client/src/cas_client/retry_wrapper.rs","line_number":237}
{"timestamp":"2026-08-14T13:47:26.254921Z","level":"INFO","fields":{"message":"Received CAS response","request_id":"01M008E3J8Z6VY45NW6XFK7GTF","status_code":206},"filename":"/Users/runner/work/xet-core/xet-core/xet_client/src/common/http_client.rs","line_number":288}
{"timestamp":"2026-08-14T13:47:26.254950Z","level":"INFO","fields":{"message":"Request Success: s3::get_range api call succeeded (request id 01M008E3J8Z6VY45NW6XFK7GTF)."},"filename":"/Users/runner/work/xet-core/xet-core/xet_client/src/cas_client/retry_wrapper.rs","line_number":237}
{"timestamp":"2026-08-14T13:47:26.846522Z","level":"INFO","fields":{"message":"Concurrency control for download: Increased concurrency from 32 to 33; reason: success ratio 1.000 is above threshold 0.800 and predicted RTT for 61MB at new concurrency is 52.95s < target 60.0s"},"filename":"/Users/runner/work/xet-core/xet-core/xet_client/src/cas_client/adaptive_concurrency/controller.rs","line_number":548}
{"timestamp":"2026-08-14T13:47:33.808909Z","level":"INFO","fields":{"message":"Concurrency control for download: Current concurrency = 33; predicted bandwidth = 10485760000000; success_ratio = 1.000; reference_size = 61.0MB; observed bytes sent so far = 1364537138; completed transmissions = 26"},"filename":"/Users/runner/work/xet-core/xet-core/xet_client/src/cas_client/adaptive_concurrency/controller.rs","line_number":602}
{"timestamp":"2026-08-14T13:47:43.835368Z","level":"INFO","fields":{"message":"Concurrency control for download: Current concurrency = 33; predicted bandwidth = 2522084; success_ratio = 1.000; reference_size = 61.0MB; observed bytes sent so far = 1504882482; completed transmissions = 26"},"filename":"/Users/runner/work/xet-core/xet-core/xet_client/src/cas_client/adaptive_concurrency/controller.rs","line_number":602}
{"timestamp":"2026-08-14T13:47:50.568513Z","level":"INFO","fields":{"message":"Concurrency control for download: Increased concurrency from 33 to 34; reason: success ratio 1.000 is above threshold 0.800 and predicted RTT for 61MB at new concurrency is 59.63s < target 60.0s"},"filename":"/Users/runner/work/xet-core/xet-core/xet_client/src/cas_client/adaptive_concurrency/controller.rs","line_number":548}
{"timestamp":"2026-08-14T13:47:51.097175Z","level":"INFO","fields":{"message":"Concurrency control for download: Increased concurrency from 34 to 35; reason: success ratio 1.000 is above threshold 0.800 and predicted RTT for 61MB at new concurrency is 55.28s < target 60.0s"},"filename":"/Users/runner/work/xet-core/xet-core/xet_client/src/cas_client/adaptive_concurrency/controller.rs","line_number":548}
{"timestamp":"2026-08-14T13:47:51.612772Z","level":"INFO","fields":{"message":"Concurrency control for download: Increased concurrency from 35 to 36; reason: success ratio 1.000 is above threshold 0.800 and predicted RTT for 61MB at new concurrency is 50.33s < target 60.0s"},"filename":"/Users/runner/work/xet-core/xet-core/xet_client/src/cas_client/adaptive_concurrency/controller.rs","line_number":548}
{"timestamp":"2026-08-14T13:47:52.122457Z","level":"INFO","fields":{"message":"Concurrency control for download: Increased concurrency from 36 to 37; reason: success ratio 1.000 is above threshold 0.800 and predicted RTT for 61MB at new concurrency is 46.23s < target 60.0s"},"filename":"/Users/runner/work/xet-core/xet-core/xet_client/src/cas_client/adaptive_concurrency/controller.rs","line_number":548}
{"timestamp":"2026-08-14T13:47:52.626517Z","level":"INFO","fields":{"message":"Concurrency control for download: Increased concurrency from 37 to 38; reason: success ratio 1.000 is above threshold 0.800 and predicted RTT for 61MB at new concurrency is 41.95s < target 60.0s"},"filename":"/Users/runner/work/xet-core/xet-core/xet_client/src/cas_client/adaptive_concurrency/controller.rs","line_number":548}
{"timestamp":"2026-08-14T13:47:53.136190Z","level":"INFO","fields":{"message":"Concurrency control for download: Increased concurrency from 38 to 39; reason: success ratio 1.000 is above threshold 0.800 and predicted RTT for 61MB at new concurrency is 6.40s < target 60.0s"},"filename":"/Users/runner/work/xet-core/xet-core/xet_client/src/cas_client/adaptive_concurrency/controller.rs","line_number":548}
{"timestamp":"2026-08-14T13:47:53.745660Z","level":"INFO","fields":{"message":"Concurrency control for download: Increased concurrency from 39 to 40; reason: success ratio 1.000 is above threshold 0.800 and predicted RTT for 61MB at new concurrency is 5.70s < target 60.0s"},"filename":"/Users/runner/work/xet-core/xet-core/xet_client/src/cas_client/adaptive_concurrency/controller.rs","line_number":548}
{"timestamp":"2026-08-14T13:47:53.946289Z","level":"INFO","fields":{"message":"Concurrency control for download: Current concurrency = 40; predicted bandwidth = 362719; success_ratio = 1.000; reference_size = 61.0MB; observed bytes sent so far = 1648731474; completed transmissions = 29"},"filename":"/Users/runner/work/xet-core/xet-core/xet_client/src/cas_client/adaptive_concurrency/controller.rs","line_number":602}
{"timestamp":"2026-08-14T13:47:54.351394Z","level":"INFO","fields":{"message":"Concurrency control for download: Increased concurrency from 40 to 41; reason: success ratio 1.000 is above threshold 0.800 and predicted RTT for 61MB at new concurrency is 4.43s < target 60.0s"},"filename":"/Users/runner/work/xet-core/xet-core/xet_client/src/cas_client/adaptive_concurrency/controller.rs","line_number":548}
{"timestamp":"2026-08-14T13:47:54.915587Z","level":"INFO","fields":{"message":"Concurrency control for download: Increased concurrency from 41 to 42; reason: success ratio 1.000 is above threshold 0.800 and predicted RTT for 61MB at new concurrency is 0.00s < target 60.0s"},"filename":"/Users/runner/work/xet-core/xet-core/xet_client/src/cas_client/adaptive_concurrency/controller.rs","line_number":548}
{"timestamp":"2026-08-14T13:47:56.063477Z","level":"INFO","fields":{"message":"File reconstruction completed successfully","file_hash":"3df79fdb21c2daaa290b88018247ea39df2397b9f17a3b2b343b97ed76e0e38a","block_count":2,"total_terms_processed":8,"total_bytes_scheduled":415787300},"filename":"/Users/runner/work/xet-core/xet-core/xet_data/src/file_reconstruction/run_state.rs","line_number":150}
{"timestamp":"2026-08-14T13:47:56.219723Z","level":"INFO","fields":{"message":"CAS auth disabled","caller":"/Users/runner/work/xet-core/xet-core/xet_client/src/common/http_client.rs:166"},"filename":"/Users/runner/work/xet-core/xet-core/xet_runtime/src/error_printer/mod.rs","line_number":198}
{"timestamp":"2026-08-14T13:47:56.220180Z","level":"INFO","fields":{"message":"HTTP client configured","idle_timeout":"60s","max_idle_connections":16,"custom_headers":"Some({\"authorization\": \"[REDACTED]\", \"user-agent\": \"datasets/5.0.0; hf_hub/1.24.0; python/3.14.0; torch/2.13.0; agent/warp; pyarrow/24.0.0\"})"},"filename":"/Users/runner/work/xet-core/xet-core/xet_client/src/common/http_client.rs","line_number":187}
{"timestamp":"2026-08-14T13:47:56.220188Z","level":"INFO","fields":{"message":"Retry strategy","retry":"RetryWrapper { max_attempts: 5, base_delay: 3s, max_duration: 360s, no_retry_on_429: false, retry_on_403: false, expected_416: false, expected_404: false, log_errors_as_info: false, api_tag: \"xet-token\", has_connection_permit: false }"},"filename":"/Users/runner/work/xet-core/xet-core/xet_client/src/cas_client/retry_wrapper.rs","line_number":274}
{"timestamp":"2026-08-14T13:47:56.351499Z","level":"INFO","fields":{"message":"Received CAS response","request_id":"Root=1-6a7f1c8c-45cc80cb62c5ac8766bb6dbc","status_code":200},"filename":"/Users/runner/work/xet-core/xet-core/xet_client/src/common/http_client.rs","line_number":288}
{"timestamp":"2026-08-14T13:47:56.351536Z","level":"INFO","fields":{"message":"Request Success: xet-token api call succeeded (request id Root=1-6a7f1c8c-45cc80cb62c5ac8766bb6dbc)."},"filename":"/Users/runner/work/xet-core/xet-core/xet_client/src/cas_client/retry_wrapper.rs","line_number":237}
{"timestamp":"2026-08-14T13:47:56.351806Z","level":"INFO","fields":{"message":"TranslatorConfig initialized","endpoint":"https://cas-server.xethub.hf.co","session_id":"Some(\"01a00087-843f-70e0-b19b-7ed77087e78b\")","shard_cache":"/Users/mickman/Documents/programs/PulmoNetAI/$HOME/.cache/huggingface/xet/https___cas_serv-tGqkUaZf_CBPHQ6h/shard-cache","shard_session":"/Users/mickman/Documents/programs/PulmoNetAI/$HOME/.cache/huggingface/xet/https___cas_serv-tGqkUaZf_CBPHQ6h/staging/shard-session"},"filename":"/Users/runner/work/xet-core/xet-core/xet_data/src/processing/configurations.rs","line_number":127}
{"timestamp":"2026-08-14T13:47:56.352270Z","level":"INFO","fields":{"message":"HTTP client configured","idle_timeout":"60s","max_idle_connections":16,"custom_headers":"Some({\"user-agent\": \"datasets/5.0.0; hf_hub/1.24.0; python/3.14.0; torch/2.13.0; agent/warp; pyarrow/24.0.0; hf_xet/1.5.2\"})"},"filename":"/Users/runner/work/xet-core/xet-core/xet_client/src/common/http_client.rs","line_number":187}
{"timestamp":"2026-08-14T13:47:56.352290Z","level":"INFO","fields":{"message":"CAS auth disabled","caller":"/Users/runner/work/xet-core/xet-core/xet_client/src/common/http_client.rs:166"},"filename":"/Users/runner/work/xet-core/xet-core/xet_runtime/src/error_printer/mod.rs","line_number":198}
{"timestamp":"2026-08-14T13:47:56.352298Z","level":"INFO","fields":{"message":"HTTP client configured","idle_timeout":"60s","max_idle_connections":16,"custom_headers":"Some({\"user-agent\": \"datasets/5.0.0; hf_hub/1.24.0; python/3.14.0; torch/2.13.0; agent/warp; pyarrow/24.0.0; hf_xet/1.5.2\"})"},"filename":"/Users/runner/work/xet-core/xet-core/xet_client/src/common/http_client.rs","line_number":187}
{"timestamp":"2026-08-14T13:47:56.352588Z","level":"INFO","fields":{"message":"No-read-timeout HTTP client configured (for shard uploads)","connect_timeout":"60s"},"filename":"/Users/runner/work/xet-core/xet-core/xet_client/src/common/http_client.rs","line_number":136}
{"timestamp":"2026-08-14T13:47:56.352632Z","level":"INFO","fields":{"message":"New file download group, session_id=01a00085-7bd4-7983-b712-694beb95e6ab, group_id=17"},"filename":"/Users/runner/work/xet-core/xet-core/xet_pkg/src/xet_session/file_download_group.rs","line_number":61}
{"timestamp":"2026-08-14T13:47:56.352747Z","level":"INFO","fields":{"message":"Download file to path","group_id":"17","dest_path":"\"/Users/mickman/.cache/huggingface/hub/datasets--ykumards--open-i/blobs/86ffa191e612e3c7b250f9ce2e15e5f0d0d32d34dbef85822ad549c1606ebf7b.156d856a.incomplete\"","hash":"66a59002b777a2d2cffb0b71e8ccc7eb498c13a090ea97e4b9d2488c38ac9330"},"filename":"/Users/runner/work/xet-core/xet-core/xet_pkg/src/xet_session/file_download_group.rs","line_number":287}
{"timestamp":"2026-08-14T13:47:56.352831Z","level":"INFO","fields":{"message":"Reconstructing file to disk","file_hash":"66a59002b777a2d2cffb0b71e8ccc7eb498c13a090ea97e4b9d2488c38ac9330","byte_range":"None","path":"/Users/mickman/.cache/huggingface/hub/datasets--ykumards--open-i/blobs/86ffa191e612e3c7b250f9ce2e15e5f0d0d32d34dbef85822ad549c1606ebf7b.156d856a.incomplete","write_offset":"None"},"filename":"/Users/runner/work/xet-core/xet-core/xet_data/src/file_reconstruction/file_reconstructor.rs","line_number":126}
{"timestamp":"2026-08-14T13:47:56.352896Z","level":"INFO","fields":{"message":"Download group finish","group_id":"17"},"filename":"/Users/runner/work/xet-core/xet-core/xet_pkg/src/xet_session/file_download_group.rs","line_number":306}
{"timestamp":"2026-08-14T13:47:56.353006Z","level":"INFO","fields":{"message":"Scheduling prefetch block","file_hash":"66a59002b777a2d2cffb0b71e8ccc7eb498c13a090ea97e4b9d2488c38ac9330","prefetch_range":"(0, 256000000)","requested_block_size":256000000,"actual_block_size":256000000,"queue_depth":1},"filename":"/Users/runner/work/xet-core/xet-core/xet_data/src/file_reconstruction/reconstruction_terms/manager.rs","line_number":277}
{"timestamp":"2026-08-14T13:47:56.353025Z","level":"INFO","fields":{"message":"Scheduling prefetch block","file_hash":"66a59002b777a2d2cffb0b71e8ccc7eb498c13a090ea97e4b9d2488c38ac9330","prefetch_range":"(256000000, 768000000)","requested_block_size":512000000,"actual_block_size":512000000,"queue_depth":2},"filename":"/Users/runner/work/xet-core/xet-core/xet_data/src/file_reconstruction/reconstruction_terms/manager.rs","line_number":277}
{"timestamp":"2026-08-14T13:47:56.353048Z","level":"INFO","fields":{"message":"Scheduling prefetch block","file_hash":"66a59002b777a2d2cffb0b71e8ccc7eb498c13a090ea97e4b9d2488c38ac9330","prefetch_range":"(768000000, 1024000000)","requested_block_size":256000000,"actual_block_size":256000000,"queue_depth":3},"filename":"/Users/runner/work/xet-core/xet-core/xet_data/src/file_reconstruction/reconstruction_terms/manager.rs","line_number":277}
{"timestamp":"2026-08-14T13:47:56.353082Z","level":"INFO","fields":{"message":"Starting get_reconstruction API call","call_id":14,"file_id":"66a59002b777a2d2cffb0b71e8ccc7eb498c13a090ea97e4b9d2488c38ac9330","bytes_range":"Some(Range { start: 768000000, end: 1024000000 })","api_version":"v2"},"filename":"/Users/runner/work/xet-core/xet-core/xet_client/src/cas_client/remote_client.rs","line_number":212}
{"timestamp":"2026-08-14T13:47:56.353096Z","level":"INFO","fields":{"message":"Retry strategy","retry":"RetryWrapper { max_attempts: 5, base_delay: 3s, max_duration: 360s, no_retry_on_429: false, retry_on_403: false, expected_416: true, expected_404: false, log_errors_as_info: false, api_tag: \"cas::get_reconstruction_v2\", has_connection_permit: false }"},"filename":"/Users/runner/work/xet-core/xet-core/xet_client/src/cas_client/retry_wrapper.rs","line_number":274}
{"timestamp":"2026-08-14T13:47:56.353082Z","level":"INFO","fields":{"message":"Starting get_reconstruction API call","call_id":13,"file_id":"66a59002b777a2d2cffb0b71e8ccc7eb498c13a090ea97e4b9d2488c38ac9330","bytes_range":"Some(Range { start: 0, end: 256000000 })","api_version":"v2"},"filename":"/Users/runner/work/xet-core/xet-core/xet_client/src/cas_client/remote_client.rs","line_number":212}
{"timestamp":"2026-08-14T13:47:56.353101Z","level":"INFO","fields":{"message":"Starting get_reconstruction API call","call_id":15,"file_id":"66a59002b777a2d2cffb0b71e8ccc7eb498c13a090ea97e4b9d2488c38ac9330","bytes_range":"Some(Range { start: 256000000, end: 768000000 })","api_version":"v2"},"filename":"/Users/runner/work/xet-core/xet-core/xet_client/src/cas_client/remote_client.rs","line_number":212}
{"timestamp":"2026-08-14T13:47:56.353116Z","level":"INFO","fields":{"message":"Retry strategy","retry":"RetryWrapper { max_attempts: 5, base_delay: 3s, max_duration: 360s, no_retry_on_429: false, retry_on_403: false, expected_416: true, expected_404: false, log_errors_as_info: false, api_tag: \"cas::get_reconstruction_v2\", has_connection_permit: false }"},"filename":"/Users/runner/work/xet-core/xet-core/xet_client/src/cas_client/retry_wrapper.rs","line_number":274}
{"timestamp":"2026-08-14T13:47:56.353117Z","level":"INFO","fields":{"message":"Retry strategy","retry":"RetryWrapper { max_attempts: 5, base_delay: 3s, max_duration: 360s, no_retry_on_429: false, retry_on_403: false, expected_416: true, expected_404: false, log_errors_as_info: false, api_tag: \"cas::get_reconstruction_v2\", has_connection_permit: false }"},"filename":"/Users/runner/work/xet-core/xet-core/xet_client/src/cas_client/retry_wrapper.rs","line_number":274}
{"timestamp":"2026-08-14T13:47:56.729663Z","level":"INFO","fields":{"message":"Received CAS response","request_id":"01M008F1CEYTKJM97KDTGHFMYY","status_code":416},"filename":"/Users/runner/work/xet-core/xet-core/xet_client/src/common/http_client.rs","line_number":288}
{"timestamp":"2026-08-14T13:47:56.729691Z","level":"INFO","fields":{"message":"Reached end of reconstruction 416 (Range Not Satisfiable): \"cas::get_reconstruction_v2\" api call failed (request id 01M008F1CEYTKJM97KDTGHFMYY): HTTP status client error (416 Range Not Satisfiable) for url (https://cas-server.xethub.hf.co/v2/reconstructions/66a59002b777a2d2cffb0b71e8ccc7eb498c13a090ea97e4b9d2488c38ac9330)"},"filename":"/Users/runner/work/xet-core/xet-core/xet_client/src/cas_client/retry_wrapper.rs","line_number":189}
{"timestamp":"2026-08-14T13:47:57.219000Z","level":"INFO","fields":{"message":"Received CAS response","request_id":"01M008F1CHBV5RYB6JCXVJ0S68","status_code":200},"filename":"/Users/runner/work/xet-core/xet-core/xet_client/src/common/http_client.rs","line_number":288}
{"timestamp":"2026-08-14T13:47:57.219026Z","level":"INFO","fields":{"message":"Request Success: cas::get_reconstruction_v2 api call succeeded (request id 01M008F1CHBV5RYB6JCXVJ0S68)."},"filename":"/Users/runner/work/xet-core/xet-core/xet_client/src/cas_client/retry_wrapper.rs","line_number":237}
{"timestamp":"2026-08-14T13:47:57.219072Z","level":"INFO","fields":{"message":"Completed get_reconstruction API call","call_id":13,"file_id":"66a59002b777a2d2cffb0b71e8ccc7eb498c13a090ea97e4b9d2488c38ac9330","bytes_range":"Some(Range { start: 0, end: 256000000 })","api_version":"v2"},"filename":"/Users/runner/work/xet-core/xet-core/xet_client/src/cas_client/remote_client.rs","line_number":236}
{"timestamp":"2026-08-14T13:47:57.219123Z","level":"INFO","fields":{"message":"Received block of file terms from prefetch queue","file_hash":"66a59002b777a2d2cffb0b71e8ccc7eb498c13a090ea97e4b9d2488c38ac9330","domain":"us.aws.cdn.hf.co","block_start":0,"block_end":256000000,"block_size":4},"filename":"/Users/runner/work/xet-core/xet-core/xet_data/src/file_reconstruction/reconstruction_terms/manager.rs","line_number":156}
{"timestamp":"2026-08-14T13:47:57.219162Z","level":"INFO","fields":{"message":"Updated completion rate estimate based on previous block completion time (seconds).","file_hash":"66a59002b777a2d2cffb0b71e8ccc7eb498c13a090ea97e4b9d2488c38ac9330","block_start":0,"block_end":256000000,"block_size":256000000,"completion_time":0.000038084},"filename":"/Users/runner/work/xet-core/xet-core/xet_data/src/file_reconstruction/reconstruction_terms/manager.rs","line_number":109}
{"timestamp":"2026-08-14T13:47:57.219204Z","level":"INFO","fields":{"message":"Retry strategy","retry":"RetryWrapper { max_attempts: 5, base_delay: 3s, max_duration: 360s, no_retry_on_429: false, retry_on_403: true, expected_416: false, expected_404: false, log_errors_as_info: false, api_tag: \"s3::get_range\", has_connection_permit: true }"},"filename":"/Users/runner/work/xet-core/xet-core/xet_client/src/cas_client/retry_wrapper.rs","line_number":274}
{"timestamp":"2026-08-14T13:47:57.219295Z","level":"INFO","fields":{"message":"Received CAS response","request_id":"01M008F1CG86HKRCKGG34JE1SZ","status_code":200},"filename":"/Users/runner/work/xet-core/xet-core/xet_client/src/common/http_client.rs","line_number":288}
{"timestamp":"2026-08-14T13:47:57.219311Z","level":"INFO","fields":{"message":"Request Success: cas::get_reconstruction_v2 api call succeeded (request id 01M008F1CG86HKRCKGG34JE1SZ)."},"filename":"/Users/runner/work/xet-core/xet-core/xet_client/src/cas_client/retry_wrapper.rs","line_number":237}
{"timestamp":"2026-08-14T13:47:57.219357Z","level":"INFO","fields":{"message":"Completed get_reconstruction API call","call_id":15,"file_id":"66a59002b777a2d2cffb0b71e8ccc7eb498c13a090ea97e4b9d2488c38ac9330","bytes_range":"Some(Range { start: 256000000, end: 768000000 })","api_version":"v2"},"filename":"/Users/runner/work/xet-core/xet-core/xet_client/src/cas_client/remote_client.rs","line_number":236}
{"timestamp":"2026-08-14T13:47:57.219400Z","level":"INFO","fields":{"message":"Retry strategy","retry":"RetryWrapper { max_attempts: 5, base_delay: 3s, max_duration: 360s, no_retry_on_429: false, retry_on_403: true, expected_416: false, expected_404: false, log_errors_as_info: false, api_tag: \"s3::get_range\", has_connection_permit: true }"},"filename":"/Users/runner/work/xet-core/xet-core/xet_client/src/cas_client/retry_wrapper.rs","line_number":274}
{"timestamp":"2026-08-14T13:47:57.219406Z","level":"INFO","fields":{"message":"Received block of file terms from prefetch queue","file_hash":"66a59002b777a2d2cffb0b71e8ccc7eb498c13a090ea97e4b9d2488c38ac9330","domain":"us.aws.cdn.hf.co","block_start":256000000,"block_end":421207075,"block_size":4},"filename":"/Users/runner/work/xet-core/xet-core/xet_data/src/file_reconstruction/reconstruction_terms/manager.rs","line_number":156}
{"timestamp":"2026-08-14T13:47:57.219441Z","level":"INFO","fields":{"message":"Updated completion rate estimate based on previous block completion time (seconds).","file_hash":"66a59002b777a2d2cffb0b71e8ccc7eb498c13a090ea97e4b9d2488c38ac9330","block_start":256000000,"block_end":421207075,"block_size":165207075,"completion_time":0.000035208},"filename":"/Users/runner/work/xet-core/xet-core/xet_data/src/file_reconstruction/reconstruction_terms/manager.rs","line_number":109}
{"timestamp":"2026-08-14T13:47:57.219450Z","level":"INFO","fields":{"message":"Completed prefetch queue; end of file reached.","file_hash":"66a59002b777a2d2cffb0b71e8ccc7eb498c13a090ea97e4b9d2488c38ac9330","prefetched_byte_position":1024000000},"filename":"/Users/runner/work/xet-core/xet-core/xet_data/src/file_reconstruction/reconstruction_terms/manager.rs","line_number":183}
{"timestamp":"2026-08-14T13:47:57.219455Z","level":"INFO","fields":{"message":"All term blocks received and scheduled for writing","file_hash":"66a59002b777a2d2cffb0b71e8ccc7eb498c13a090ea97e4b9d2488c38ac9330","block_count":2,"total_terms_processed":8,"total_bytes_scheduled":421207075},"filename":"/Users/runner/work/xet-core/xet-core/xet_data/src/file_reconstruction/run_state.rs","line_number":150}
{"timestamp":"2026-08-14T13:47:57.219508Z","level":"INFO","fields":{"message":"Retry strategy","retry":"RetryWrapper { max_attempts: 5, base_delay: 3s, max_duration: 360s, no_retry_on_429: false, retry_on_403: true, expected_416: false, expected_404: false, log_errors_as_info: false, api_tag: \"s3::get_range\", has_connection_permit: true }"},"filename":"/Users/runner/work/xet-core/xet-core/xet_client/src/cas_client/retry_wrapper.rs","line_number":274}
{"timestamp":"2026-08-14T13:47:57.219619Z","level":"INFO","fields":{"message":"Retry strategy","retry":"RetryWrapper { max_attempts: 5, base_delay: 3s, max_duration: 360s, no_retry_on_429: false, retry_on_403: true, expected_416: false, expected_404: false, log_errors_as_info: false, api_tag: \"s3::get_range\", has_connection_permit: true }"},"filename":"/Users/runner/work/xet-core/xet-core/xet_client/src/cas_client/retry_wrapper.rs","line_number":274}
{"timestamp":"2026-08-14T13:47:57.219631Z","level":"INFO","fields":{"message":"Retry strategy","retry":"RetryWrapper { max_attempts: 5, base_delay: 3s, max_duration: 360s, no_retry_on_429: false, retry_on_403: true, expected_416: false, expected_404: false, log_errors_as_info: false, api_tag: \"s3::get_range\", has_connection_permit: true }"},"filename":"/Users/runner/work/xet-core/xet-core/xet_client/src/cas_client/retry_wrapper.rs","line_number":274}
{"timestamp":"2026-08-14T13:47:57.219810Z","level":"INFO","fields":{"message":"Retry strategy","retry":"RetryWrapper { max_attempts: 5, base_delay: 3s, max_duration: 360s, no_retry_on_429: false, retry_on_403: true, expected_416: false, expected_404: false, log_errors_as_info: false, api_tag: \"s3::get_range\", has_connection_permit: true }"},"filename":"/Users/runner/work/xet-core/xet-core/xet_client/src/cas_client/retry_wrapper.rs","line_number":274}
{"timestamp":"2026-08-14T13:47:57.219906Z","level":"INFO","fields":{"message":"Retry strategy","retry":"RetryWrapper { max_attempts: 5, base_delay: 3s, max_duration: 360s, no_retry_on_429: false, retry_on_403: true, expected_416: false, expected_404: false, log_errors_as_info: false, api_tag: \"s3::get_range\", has_connection_permit: true }"},"filename":"/Users/runner/work/xet-core/xet-core/xet_client/src/cas_client/retry_wrapper.rs","line_number":274}
{"timestamp":"2026-08-14T13:47:57.220034Z","level":"INFO","fields":{"message":"Retry strategy","retry":"RetryWrapper { max_attempts: 5, base_delay: 3s, max_duration: 360s, no_retry_on_429: false, retry_on_403: true, expected_416: false, expected_404: false, log_errors_as_info: false, api_tag: \"s3::get_range\", has_connection_permit: true }"},"filename":"/Users/runner/work/xet-core/xet-core/xet_client/src/cas_client/retry_wrapper.rs","line_number":274}
{"timestamp":"2026-08-14T13:47:57.343246Z","level":"INFO","fields":{"message":"Received CAS response","request_id":"01M008F1Z7HMC47RSS8P8VXHJC","status_code":206},"filename":"/Users/runner/work/xet-core/xet-core/xet_client/src/common/http_client.rs","line_number":288}
{"timestamp":"2026-08-14T13:47:57.343260Z","level":"INFO","fields":{"message":"Request Success: s3::get_range api call succeeded (request id 01M008F1Z7HMC47RSS8P8VXHJC)."},"filename":"/Users/runner/work/xet-core/xet-core/xet_client/src/cas_client/retry_wrapper.rs","line_number":237}
{"timestamp":"2026-08-14T13:47:57.344626Z","level":"INFO","fields":{"message":"Concurrency control for download: Increased concurrency from 42 to 43; reason: success ratio 1.000 is above threshold 0.800 and predicted RTT for 61MB at new concurrency is 8.57s < target 60.0s"},"filename":"/Users/runner/work/xet-core/xet-core/xet_client/src/cas_client/adaptive_concurrency/controller.rs","line_number":548}
{"timestamp":"2026-08-14T13:47:57.346037Z","level":"INFO","fields":{"message":"Received CAS response","request_id":"01M008F1YYNJ3DGZ9K4GT0Z2CA","status_code":206},"filename":"/Users/runner/work/xet-core/xet-core/xet_client/src/common/http_client.rs","line_number":288}
{"timestamp":"2026-08-14T13:47:57.346047Z","level":"INFO","fields":{"message":"Request Success: s3::get_range api call succeeded (request id 01M008F1YYNJ3DGZ9K4GT0Z2CA)."},"filename":"/Users/runner/work/xet-core/xet-core/xet_client/src/cas_client/retry_wrapper.rs","line_number":237}
{"timestamp":"2026-08-14T13:47:57.363065Z","level":"INFO","fields":{"message":"Received CAS response","request_id":"01M008F1ZAWNZ90Q2PM2JJ42GA","status_code":206},"filename":"/Users/runner/work/xet-core/xet-core/xet_client/src/common/http_client.rs","line_number":288}
{"timestamp":"2026-08-14T13:47:57.363086Z","level":"INFO","fields":{"message":"Request Success: s3::get_range api call succeeded (request id 01M008F1ZAWNZ90Q2PM2JJ42GA)."},"filename":"/Users/runner/work/xet-core/xet-core/xet_client/src/cas_client/retry_wrapper.rs","line_number":237}
{"timestamp":"2026-08-14T13:47:57.369619Z","level":"INFO","fields":{"message":"Received CAS response","request_id":"01M008F1Z90DQKQY968CG1N0N6","status_code":206},"filename":"/Users/runner/work/xet-core/xet-core/xet_client/src/common/http_client.rs","line_number":288}
{"timestamp":"2026-08-14T13:47:57.369633Z","level":"INFO","fields":{"message":"Request Success: s3::get_range api call succeeded (request id 01M008F1Z90DQKQY968CG1N0N6)."},"filename":"/Users/runner/work/xet-core/xet-core/xet_client/src/cas_client/retry_wrapper.rs","line_number":237}
{"timestamp":"2026-08-14T13:47:57.379720Z","level":"INFO","fields":{"message":"Received CAS response","request_id":"01M008F1ZM2W3M9VGWT03G2DCT","status_code":206},"filename":"/Users/runner/work/xet-core/xet-core/xet_client/src/common/http_client.rs","line_number":288}
{"timestamp":"2026-08-14T13:47:57.379739Z","level":"INFO","fields":{"message":"Request Success: s3::get_range api call succeeded (request id 01M008F1ZM2W3M9VGWT03G2DCT)."},"filename":"/Users/runner/work/xet-core/xet-core/xet_client/src/cas_client/retry_wrapper.rs","line_number":237}
{"timestamp":"2026-08-14T13:47:57.395722Z","level":"INFO","fields":{"message":"Received CAS response","request_id":"01M008F1ZD83KBGQNQWDGT4WET","status_code":206},"filename":"/Users/runner/work/xet-core/xet-core/xet_client/src/common/http_client.rs","line_number":288}
{"timestamp":"2026-08-14T13:47:57.395743Z","level":"INFO","fields":{"message":"Request Success: s3::get_range api call succeeded (request id 01M008F1ZD83KBGQNQWDGT4WET)."},"filename":"/Users/runner/work/xet-core/xet-core/xet_client/src/cas_client/retry_wrapper.rs","line_number":237}
{"timestamp":"2026-08-14T13:47:57.398673Z","level":"INFO","fields":{"message":"Received CAS response","request_id":"01M008F1Z5N06H2Y4WZE0X292R","status_code":206},"filename":"/Users/runner/work/xet-core/xet-core/xet_client/src/common/http_client.rs","line_number":288}
{"timestamp":"2026-08-14T13:47:57.398687Z","level":"INFO","fields":{"message":"Request Success: s3::get_range api call succeeded (request id 01M008F1Z5N06H2Y4WZE0X292R)."},"filename":"/Users/runner/work/xet-core/xet-core/xet_client/src/cas_client/retry_wrapper.rs","line_number":237}
{"timestamp":"2026-08-14T13:47:57.415098Z","level":"INFO","fields":{"message":"Received CAS response","request_id":"01M008F1Z28HF91WSBD7WQZECV","status_code":206},"filename":"/Users/runner/work/xet-core/xet-core/xet_client/src/common/http_client.rs","line_number":288}
{"timestamp":"2026-08-14T13:47:57.415112Z","level":"INFO","fields":{"message":"Request Success: s3::get_range api call succeeded (request id 01M008F1Z28HF91WSBD7WQZECV)."},"filename":"/Users/runner/work/xet-core/xet-core/xet_client/src/cas_client/retry_wrapper.rs","line_number":237}
{"timestamp":"2026-08-14T13:47:57.946347Z","level":"INFO","fields":{"message":"Concurrency control for download: Increased concurrency from 43 to 44; reason: success ratio 1.000 is above threshold 0.800 and predicted RTT for 61MB at new concurrency is 21.24s < target 60.0s"},"filename":"/Users/runner/work/xet-core/xet-core/xet_client/src/cas_client/adaptive_concurrency/controller.rs","line_number":548}
{"timestamp":"2026-08-14T13:47:58.457649Z","level":"INFO","fields":{"message":"Concurrency control for download: Increased concurrency from 44 to 45; reason: success ratio 1.000 is above threshold 0.800 and predicted RTT for 61MB at new concurrency is 38.86s < target 60.0s"},"filename":"/Users/runner/work/xet-core/xet-core/xet_client/src/cas_client/adaptive_concurrency/controller.rs","line_number":548}
{"timestamp":"2026-08-14T13:47:58.965633Z","level":"INFO","fields":{"message":"Concurrency control for download: Increased concurrency from 45 to 46; reason: success ratio 1.000 is above threshold 0.800 and predicted RTT for 61MB at new concurrency is 58.28s < target 60.0s"},"filename":"/Users/runner/work/xet-core/xet-core/xet_client/src/cas_client/adaptive_concurrency/controller.rs","line_number":548}
{"timestamp":"2026-08-14T13:48:03.948006Z","level":"INFO","fields":{"message":"Concurrency control for download: Current concurrency = 46; predicted bandwidth = 1279311; success_ratio = 1.000; reference_size = 61.0MB; observed bytes sent so far = 1762815720; completed transmissions = 32"},"filename":"/Users/runner/work/xet-core/xet-core/xet_client/src/cas_client/adaptive_concurrency/controller.rs","line_number":602}
{"timestamp":"2026-08-14T13:48:13.948155Z","level":"INFO","fields":{"message":"Concurrency control for download: Current concurrency = 46; predicted bandwidth = 2123735; success_ratio = 1.000; reference_size = 61.0MB; observed bytes sent so far = 1901887574; completed transmissions = 34"},"filename":"/Users/runner/work/xet-core/xet-core/xet_client/src/cas_client/adaptive_concurrency/controller.rs","line_number":602}
{"timestamp":"2026-08-14T13:48:23.664909Z","level":"INFO","fields":{"message":"Concurrency control for download: Increased concurrency from 46 to 47; reason: success ratio 1.000 is above threshold 0.800 and predicted RTT for 61MB at new concurrency is 21.17s < target 60.0s"},"filename":"/Users/runner/work/xet-core/xet-core/xet_client/src/cas_client/adaptive_concurrency/controller.rs","line_number":548}
{"timestamp":"2026-08-14T13:48:23.951649Z","level":"INFO","fields":{"message":"Concurrency control for download: Current concurrency = 47; predicted bandwidth = 402411; success_ratio = 1.000; reference_size = 61.0MB; observed bytes sent so far = 2048527813; completed transmissions = 36"},"filename":"/Users/runner/work/xet-core/xet-core/xet_client/src/cas_client/adaptive_concurrency/controller.rs","line_number":602}
{"timestamp":"2026-08-14T13:48:24.245620Z","level":"INFO","fields":{"message":"Concurrency control for download: Increased concurrency from 47 to 48; reason: success ratio 1.000 is above threshold 0.800 and predicted RTT for 61MB at new concurrency is 20.71s < target 60.0s"},"filename":"/Users/runner/work/xet-core/xet-core/xet_client/src/cas_client/adaptive_concurrency/controller.rs","line_number":548}
{"timestamp":"2026-08-14T13:48:24.749493Z","level":"INFO","fields":{"message":"Concurrency control for download: Increased concurrency from 48 to 49; reason: success ratio 1.000 is above threshold 0.800 and predicted RTT for 61MB at new concurrency is 6.07s < target 60.0s"},"filename":"/Users/runner/work/xet-core/xet-core/xet_client/src/cas_client/adaptive_concurrency/controller.rs","line_number":548}
{"timestamp":"2026-08-14T13:48:25.353384Z","level":"INFO","fields":{"message":"Concurrency control for download: Increased concurrency from 49 to 50; reason: success ratio 1.000 is above threshold 0.800 and predicted RTT for 61MB at new concurrency is 0.00s < target 60.0s"},"filename":"/Users/runner/work/xet-core/xet-core/xet_client/src/cas_client/adaptive_concurrency/controller.rs","line_number":548}
{"timestamp":"2026-08-14T13:48:25.974077Z","level":"INFO","fields":{"message":"Concurrency control for download: Increased concurrency from 50 to 51; reason: success ratio 1.000 is above threshold 0.800 and predicted RTT for 61MB at new concurrency is 0.00s < target 60.0s"},"filename":"/Users/runner/work/xet-core/xet-core/xet_client/src/cas_client/adaptive_concurrency/controller.rs","line_number":548}
{"timestamp":"2026-08-14T13:48:26.577045Z","level":"INFO","fields":{"message":"Concurrency control for download: Increased concurrency from 51 to 52; reason: success ratio 1.000 is above threshold 0.800 and predicted RTT for 61MB at new concurrency is 25.49s < target 60.0s"},"filename":"/Users/runner/work/xet-core/xet-core/xet_client/src/cas_client/adaptive_concurrency/controller.rs","line_number":548}
{"timestamp":"2026-08-14T13:48:27.509963Z","level":"INFO","fields":{"message":"File reconstruction completed successfully","file_hash":"66a59002b777a2d2cffb0b71e8ccc7eb498c13a090ea97e4b9d2488c38ac9330","block_count":2,"total_terms_processed":8,"total_bytes_scheduled":421207075},"filename":"/Users/runner/work/xet-core/xet-core/xet_data/src/file_reconstruction/run_state.rs","line_number":150}
